Security Code,Security Id,Security Name,Status,Group,Face Value,ISIN No,Industry,Instrument
500033,FORCEMOT,FORCE MOTORS LTD.-$,Active,B ,10.00,INE451A01017,Cars &amp; Utility Vehicles,Equity
500500,HINDMOTORS,HINDUSTAN MOTORS LTD.,Active,B ,5.00,INE253A01025,Cars &amp; Utility Vehicles,Equity
500520,M&amp;M,MAHINDRA &amp; MAHINDRA LTD.,Active,A ,5.00,INE101A01026,Cars &amp; Utility Vehicles,Equity
532500,MARUTI,MARUTI SUZUKI INDIA LTD.,Active,A ,5.00,INE585B01010,Cars &amp; Utility Vehicles,Equity
