Security Code,Security Id,Security Name,Status,Group,Face Value,ISIN No,Industry,Instrument
530787,INLANPR,INLAND PRINTERS LTD.,Active,P ,10.00,INE055O01017,Comm.Printing/Stationery,Equity
531413,KIRANPR,KIRAN PRINT-PACK LTD.,Active,XD,10.00,INE516D01011,Comm.Printing/Stationery,Equity
531937,BECKONIN,BECKONS INDUSTRIES LTD.,Active,Z ,10.00,INE955B01015,Comm.Printing/Stationery,Equity
532440,MPSLTD,MPS LTD.,Active,B ,10.00,INE943D01017,Comm.Printing/Stationery,Equity
532687,REPRO,REPRO INDIA LTD.,Active,B ,10.00,INE461B01014,Comm.Printing/Stationery,Equity
533166,SUNDARAM,SUNDARAM MULTI PAP LTD.,Active,B ,1.00,INE108E01023,Comm.Printing/Stationery,Equity
539228,GPCL,Gala Print City Ltd,Active,M ,10.00,INE480S01018,Comm.Printing/Stationery,Equity
