Security Code,Security Id,Security Name,Status,Group,Face Value,ISIN No,Industry,Instrument
500143,PHCAP,PH CAPITAL LTD.,Active,XD,10.00,INE160F01013,Comm.Trading  &amp; Distribution,Equity
500236,KANELIND,Kanel Industries Limited,Active,XT,10.00,INE252C01015,Comm.Trading  &amp; Distribution,Equity
500370,SALORAINTL,SALORA INTERNATIONAL LTD.,Active,B ,10.00,INE924A01013,Comm.Trading  &amp; Distribution,Equity
500429,UNIPHOS,UNIPHOS ENTERPRISES LTD.,Active,B ,2.00,INE037A01022,Comm.Trading  &amp; Distribution,Equity
501111,ZGOLDINV,GOLD ROCK INVESTMENTS LTD.,Active,XT,10.00,INE598F01014,Comm.Trading  &amp; Distribution,Equity
501391,WHBRADY,W.H.BRADY &amp; CO.LTD.,Active,XD,10.00,INE855A01019,Comm.Trading  &amp; Distribution,Equity
501430,BOMBCYC,BOMBAY CYCLE &amp; MOTOR AGENCY LTD.,Active,XD,10.00,INE691K01017,Comm.Trading  &amp; Distribution,Equity
501471,MACK,MACK TRADING CO.LTD.,Active,XT,10.00,INE436D01012,Comm.Trading  &amp; Distribution,Equity
501477,MULLER,MULLER &amp; PHIPPS (INDIA) LTD.,Active,XT,10.00,INE003F01015,Comm.Trading  &amp; Distribution,Equity
501479,ZNEWSAGA,NEW SAGAR TRADING CO.LTD.,Active,P ,10.00,NA          ,Comm.Trading  &amp; Distribution,Equity
501831,COASTCORP,COASTAL CORPORATION LTD.,Active,P ,10.00,INE377E01016,Comm.Trading  &amp; Distribution,Equity
503015,MODERN,MODERN INDIA LTD.-$,Active,XC,2.00,INE251D01023,Comm.Trading  &amp; Distribution,Equity
503772,MODWOOL,MODELLA WOOLLENS LTD.,Active,XD,10.00,INE380D01012,Comm.Trading  &amp; Distribution,Equity
503978,ZDIGIELE,DIGITAL ELECTRONICS LTD.,Active,ZP,10.00,INE053N01014,Comm.Trading  &amp; Distribution,Equity
504360,REMISIN,REMI SALES &amp; ENGINEERING LTD.,Active,XT,10.00,INE130I01010,Comm.Trading  &amp; Distribution,Equity
504369,GRANDMA,GRANDMA TRADING &amp; AGENCIES LTD.,Active,XD,1.00,INE927M01029,Comm.Trading  &amp; Distribution,Equity
504378,NYSSACORP,Nyssa Corporation Limited,Active,XD,1.00,INE812K01027,Comm.Trading  &amp; Distribution,Equity
504380,ZVINADTR,VINADITYA TRADING CO.LTD.,Active,XT,10.00,INE952M01019,Comm.Trading  &amp; Distribution,Equity
505523,MAHACORP,MAHARASHTRA CORPORATION LTD.,Active,XD,1.00,INE272E01027,Comm.Trading  &amp; Distribution,Equity
505590,SVPGLOB,SVP GLOBAL VENTURES LTD.,Active,XD,10.00,INE308E01011,Comm.Trading  &amp; Distribution,Equity
506120,ALNATRD,ALNA TRADING &amp; EXPORTS LTD.,Active,P ,10.00,NA          ,Comm.Trading  &amp; Distribution,Equity
506178,ZKHATAUE,KHATAU EXIM LTD.,Active,XT,10.00,INE092P01017,Comm.Trading  &amp; Distribution,Equity
506180,SRIOMTR,SHREE OM TRADES LTD.,Active,XT,10.00,INE668L01013,Comm.Trading  &amp; Distribution,Equity
506196,VIKSHEN,VIKSIT ENGINEERING LTD.,Active,P ,10.00,NA          ,Comm.Trading  &amp; Distribution,Equity
506615,SUNASIAN,Sunrise Asian Limited,Active,A ,10.00,INE917D01011,Comm.Trading  &amp; Distribution,Equity
507946,KIDUJA,KIDUJA INDIA LTD.,Active,XD,10.00,INE845A01010,Comm.Trading  &amp; Distribution,Equity
509009,AUSOMENT,AuSom Enterprise Limited,Active,B ,10.00,INE218C01016,Comm.Trading  &amp; Distribution,Equity
509220,PTL,PTL ENTERPRISES LTD.-$,Active,B ,2.00,INE034D01031,Comm.Trading  &amp; Distribution,Equity
509472,CRAVATEX,CRAVATEX LTD.,Active,XD,10.00,INE145E01017,Comm.Trading  &amp; Distribution,Equity
510245,SWASTIVI,SWASTI VINAYAKA SYNTHETICS LTD.,Active,XD,1.00,INE804A01025,Comm.Trading  &amp; Distribution,Equity
511048,KUSUMEL,KUSAM ELECTRICAL INDUSTRIES LTD.,Active,P ,10.00,INE175Q01018,Comm.Trading  &amp; Distribution,Equity
511076,SATINDLTD,SAT INDUSTRIES LTD.-$,Active,XD,2.00,INE065D01027,Comm.Trading  &amp; Distribution,Equity
511395,BALATECGL,BALA TECHNO GLOBAL LTD.,Active,Z ,1.00,INE652B01026,Comm.Trading  &amp; Distribution,Equity
511601,YASHMGM,YASH MANAGEMENT &amp; SATELLITE LTD.,Active,XD,10.00,INE216B01012,Comm.Trading  &amp; Distribution,Equity
511618,JIKIND,JIK INDUSTRIES LTD.,Active,B ,10.00,INE026B01049,Comm.Trading  &amp; Distribution,Equity
511736,USHDI,USHDEV INTERNATIONAL LTD.,Active,XD,10.00,INE981D01017,Comm.Trading  &amp; Distribution,Equity
512008,AMANITRA,AMANI TRADING &amp; EXPORTS LTD.,Active,XT,10.00,INE886D01018,Comm.Trading  &amp; Distribution,Equity
512026,PHTRADING,PH TRADING LTD.,Active,P ,10.00,INE603D01017,Comm.Trading  &amp; Distribution,Equity
512038,ASWTR,AASWA TRADING &amp; EXPORTS LTD.,Active,P ,10.00,INE887D01016,Comm.Trading  &amp; Distribution,Equity
512063,AYOME,AYOKI MERCANTILE LTD.,Active,P ,10.00,INE048E01013,Comm.Trading  &amp; Distribution,Equity
512109,AVIVA,AVIVA INDUSTRIES LTD.,Active,Z ,10.00,INE461H01011,Comm.Trading  &amp; Distribution,Equity
512165,ABANSENT,ABans Enterprises Ltd,Active,XT,10.00,INE365O01010,Comm.Trading  &amp; Distribution,Equity
512213,CLASELE,CLASSIC ELECTRICALS LTD.,Active,P ,10.00,NA          ,Comm.Trading  &amp; Distribution,Equity
512253,MEUSEKARA,MEUSE KARA &amp; SUNGRACE MAFATLAL LTD.,Active,Z ,10.00,INE756D01013,Comm.Trading  &amp; Distribution,Equity
512261,BAJGLOB,BAJAJ GLOBAL LTD.,Active,XT,10.00,INE553H01015,Comm.Trading  &amp; Distribution,Equity
512301,CHMBBRW,CHAMBAL BREWERIES &amp; DISTILLERIES LTD.,Active,XD,10.00,INE417N01011,Comm.Trading  &amp; Distribution,Equity
512309,ROSETEX,ROSEKAMAL TEXTILES LTD.,Active,XT,10.00,INE392F01012,Comm.Trading  &amp; Distribution,Equity
512337,MAHSHRE,MAHASHREE TRADING LTD.,Active,P ,10.00,NA          ,Comm.Trading  &amp; Distribution,Equity
512344,ARAVALIS,ARAVALI SECURITIES &amp; FINANCE LTD.,Active,XD,10.00,INE068C01015,Comm.Trading  &amp; Distribution,Equity
512359,SWORDEDGE,Sword-Edge Commercials Limited,Active,XT,10.00,INE093G01014,Comm.Trading  &amp; Distribution,Equity
512369,ENNORE,ENNORE COKE LTD.,Active,XT,10.00,INE755H01016,Comm.Trading  &amp; Distribution,Equity
512381,ZNIVEMER,NIVEDITA MERCANTILE &amp; FINANCING LTD.,Active,XT,10.00,INE992I01013,Comm.Trading  &amp; Distribution,Equity
512425,NIRAVCOM,NIRAV COMMERCIALS LTD.,Active,XD,10.00,INE242B01018,Comm.Trading  &amp; Distribution,Equity
512461,PUNCTRD,PUNCTUAL TRADING LTD.,Active,P ,10.00,,Comm.Trading  &amp; Distribution,Equity
512485,DHANCOT,DHANLAXMI COTEX LTD.,Active,XT,10.00,INE977F01010,Comm.Trading  &amp; Distribution,Equity
512487,REMIELEK,Remi Elektrotechnik Limited,Active,XT,10.00,INE512H01011,Comm.Trading  &amp; Distribution,Equity
512531,STCINDIA,STATE TRADING CORPORATION OF INDIA LTD.,Active,B ,10.00,INE655A01013,Comm.Trading  &amp; Distribution,Equity
512589,SITAENT,SITA ENTERPRISES LTD.,Active,XD,10.00,INE579D01019,Comm.Trading  &amp; Distribution,Equity
512591,PULSRIN,PULSAR INTERNATIONAL LTD.,Active,P ,10.00,NA          ,Comm.Trading  &amp; Distribution,Equity
512599,ADANIENT,ADANI ENTERPRISES LTD.,Active,A ,1.00,INE423A01024,Comm.Trading  &amp; Distribution,Equity
512600,MACINTR,MACRO (INTERNATIONAL) EXPORTS LTD.,Active,XT,10.00,INE307N01014,Comm.Trading  &amp; Distribution,Equity
513012,ZJEETMAC,JEET MACHINE TOOLS LTD.,Active,XT,10.00,INE987E01012,Comm.Trading  &amp; Distribution,Equity
513377,MMTC,MMTC LTD.,Active,A ,1.00,INE123F01029,Comm.Trading  &amp; Distribution,Equity
514199,BALATECIN,BALA TECHNO INDUSTRIES LTD.,Active,Z ,10.00,INE653B01016,Comm.Trading  &amp; Distribution,Equity
514378,YARNSYN,YARN SYNDICATE LTD.,Active,XT,10.00,INE564C01013,Comm.Trading  &amp; Distribution,Equity
514400,GARWSYN,GARWARE SYNTHETICS LTD.,Active,XD,10.00,INE340D01016,Comm.Trading  &amp; Distribution,Equity
514460,OSWAYRN,OSWAL YARNS LTD.,Active,XT,10.00,INE670H01017,Comm.Trading  &amp; Distribution,Equity
517077,INDAGIV,IND-AGIV COMMERCE LTD.,Active,Z ,10.00,INE115E01010,Comm.Trading  &amp; Distribution,Equity
517230,PAEL,PAE LTD.,Active,B ,10.00,INE766A01018,Comm.Trading  &amp; Distribution,Equity
517548,STARLITE,STARLITE COMPONENTS LTD.,Active,XD,10.00,INE035C01022,Comm.Trading  &amp; Distribution,Equity
519152,VADILENT,VADILAL ENTERPRISES LTD.,Active,XT,10.00,INE693D01018,Comm.Trading  &amp; Distribution,Equity
519224,WILLAMAGOR,WILLIAMSON MAGOR &amp; COMPANY LTD.,Active,B ,10.00,INE210A01017,Comm.Trading  &amp; Distribution,Equity
519230,RICHIRICH,Richirich Inventures Limited,Active,XD,5.00,INE102C01020,Comm.Trading  &amp; Distribution,Equity
519483,TAIIND,TAI INDUSTRIES LTD.-$,Active,XD,10.00,INE358D01018,Comm.Trading  &amp; Distribution,Equity
519485,KOHINOORT,Kohinoor Techno Engineers Limited,Active,XT,10.00,INE237D01014,Comm.Trading  &amp; Distribution,Equity
519532,ASIANTNE,ASIAN TEA &amp; EXPORTS LTD.-$,Active,XD,10.00,INE822B01017,Comm.Trading  &amp; Distribution,Equity
520115,BRAKAUT,BRAKES AUTO (INDIA) LTD.,Active,Z ,10.00,INE222G01019,Comm.Trading  &amp; Distribution,Equity
521003,SHVSUIT,SHIVA SUITINGS LTD.,Active,P ,10.00,NA          ,Comm.Trading  &amp; Distribution,Equity
521182,SEASONF,SEASONS FURNISHINGS LTD.,Active,XD,10.00,INE454D01015,Comm.Trading  &amp; Distribution,Equity
521232,SUNILTX,SUNIL INDUSTRIES LTD.,Active,P ,10.00,INE124M01015,Comm.Trading  &amp; Distribution,Equity
522235,MINALIND,Minal Industries Limited,Active,Z ,2.00,INE097E01028,Comm.Trading  &amp; Distribution,Equity
522289,IFMIMPX,IFM IMPEX GLOBAL LTD.,Active,XT,10.00,INE169F01014,Comm.Trading  &amp; Distribution,Equity
522294,TIGLOB,T &amp; I GLOBAL LTD.,Active,XD,10.00,INE811B01010,Comm.Trading  &amp; Distribution,Equity
523011,WEIZMANIND,WEIZMANN LTD.,Active,B ,10.00,INE080A01014,Comm.Trading  &amp; Distribution,Equity
523289,RAMAVISION,RAMA VISION LTD.,Active,XD,10.00,INE763B01013,Comm.Trading  &amp; Distribution,Equity
523519,UNIOFFICE,UNIVERSAL OFFICE AUTOMATION LTD.,Active,XT,10.00,INE951C01012,Comm.Trading  &amp; Distribution,Equity
523782,MITSHI,Mitshi India Ltd,Active,XT,10.00,INE844D01017,Comm.Trading  &amp; Distribution,Equity
523872,MAGNA,MAGNA INDUSTRIES &amp; EXPORTS LTD.,Active,P ,10.00,INE113F01012,Comm.Trading  &amp; Distribution,Equity
523874,PRECISION,PRECISION CONTAINEURS LTD.,Active,XD,10.00,INE191C01015,Comm.Trading  &amp; Distribution,Equity
523896,AVIPHOT,AVI PHOTOCHEM LTD.,Active,P ,10.00,INE316O01021,Comm.Trading  &amp; Distribution,Equity
524055,PANIDPR,PANTHER INDUSTRIAL PRODUCTS LTD.,Active,ZP,10.00,INE181D01014,Comm.Trading  &amp; Distribution,Equity
524103,LINEARIND,Linear Industries Ltd,Active,XT,10.00,INE808D01012,Comm.Trading  &amp; Distribution,Equity
524580,PRIYALT,PRIYA LTD.-$,Active,XD,10.00,INE686C01014,Comm.Trading  &amp; Distribution,Equity
524588,EMEDTECH,Emed.com Technologies Ltd,Active,XD,10.00,INE379F01019,Comm.Trading  &amp; Distribution,Equity
524590,HEMORGANIC,Hemo Organic Limited,Active,XD,10.00,INE422G01015,Comm.Trading  &amp; Distribution,Equity
524628,PARKERAC,PARKER AGROCHEM EXPORTS LTD.-$,Active,XD,10.00,INE750B01010,Comm.Trading  &amp; Distribution,Equity
524675,KABSON,KABSONS INDUSTRIES LTD.,Active,XT,10.00,INE645C01010,Comm.Trading  &amp; Distribution,Equity
524723,BIJHANS,BIJOY HANS LTD.,Active,P ,10.00,NA          ,Comm.Trading  &amp; Distribution,Equity
526009,PROCAL,PROCAL ELECTRONICS INDIA LTD.,Active,XD,10.00,INE700B01015,Comm.Trading  &amp; Distribution,Equity
526125,ARHNTTO,ARIHANT TOURNESOL LTD.,Active,P ,10.00,NA          ,Comm.Trading  &amp; Distribution,Equity
526159,NIKHILAD,NIKHIL ADHESIVES LTD.-$,Active,XD,10.00,INE926C01014,Comm.Trading  &amp; Distribution,Equity
526241,AMRAPLIN,AMRAPALI INDUSTRIES LTD.,Active,XD,5.00,INE762C01021,Comm.Trading  &amp; Distribution,Equity
526574,ENTRINT,ENTERPRISE INTERNATIONAL LTD.,Active,XD,10.00,INE439G01019,Comm.Trading  &amp; Distribution,Equity
526705,ELEMARB,ELEGANT MARBLES &amp; GRANI INDUSTRIES LTD.,Active,XD,10.00,INE095B01010,Comm.Trading  &amp; Distribution,Equity
526707,ALCHEM,ALCHEMIST LTD.,Active,B ,10.00,INE964B01033,Comm.Trading  &amp; Distribution,Equity
526843,ATLANTADEV,Atlanta Devcon Limited,Active,XT,10.00,INE590F01029,Comm.Trading  &amp; Distribution,Equity
526865,JAINCO,JAINCO PROJECTS (INDIA) LTD.,Active,XD,10.00,INE966C01010,Comm.Trading  &amp; Distribution,Equity
526971,DHOOTIN,DHOOT INDUSTRIAL FINANCE LTD.,Active,XD,10.00,INE313G01016,Comm.Trading  &amp; Distribution,Equity
526987,URJAGLOBA,URJA GLOBAL LTD.,Active,XC,1.00,INE550C01020,Comm.Trading  &amp; Distribution,Equity
530151,VIJAYTX,VIJAY TEXTILES LTD.,Active,XD,10.00,INE256G01033,Comm.Trading  &amp; Distribution,Equity
530161,GARODCH,GARODIA CHEMICALS LTD.,Active,P ,10.00,INE236P01010,Comm.Trading  &amp; Distribution,Equity
530177,SPSINT,SPS INTERNATIONAL LTD.,Active,XD,10.00,INE758B01013,Comm.Trading  &amp; Distribution,Equity
530213,FORINTL,FORTUNE INTERNATIONAL LTD.,Active,XT,10.00,INE501D01013,Comm.Trading  &amp; Distribution,Equity
530251,RISAINTL,RISA INTERNATIONAL LTD.,Active,XC,2.00,INE001O01029,Comm.Trading  &amp; Distribution,Equity
530299,KOTHARIPRO,KOTHARI PRODUCTS LTD.,Active,B ,10.00,INE823A01017,Comm.Trading  &amp; Distribution,Equity
530309,CHANDRAP,CHANDRA PRABHU INTERNATIONAL LTD.-$,Active,XD,10.00,INE368D01017,Comm.Trading  &amp; Distribution,Equity
530431,ADORFO,ADOR FONTECH LTD.-$,Active,XC,2.00,INE853A01022,Comm.Trading  &amp; Distribution,Equity
530435,NOESISIND,Noesis Industries Limited,Active,B ,10.00,INE141B01020,Comm.Trading  &amp; Distribution,Equity
530627,VIPULDYE,VIPUL DYE CHEM LTD.,Active,XD,10.00,INE834D01018,Comm.Trading  &amp; Distribution,Equity
530797,SHGANEL,SHREE GANESH ELASTOPLAST LTD.,Active,XT,10.00,INE400N01017,Comm.Trading  &amp; Distribution,Equity
530863,FEINDIALTD,FE (India) Ltd,Active,XT,10.00,INE708C01016,Comm.Trading  &amp; Distribution,Equity
530929,EUROASIA,EURO ASIA EXPORTS LTD.,Active,P ,10.00,INE535P01015,Comm.Trading  &amp; Distribution,Equity
530967,KYRALANDS,Kyra Landscapes Limited,Active,XT,5.00,INE094M01028,Comm.Trading  &amp; Distribution,Equity
530993,SARTHAKGL,SARTHAK GLOBAL LTD.,Active,XT,10.00,INE075H01019,Comm.Trading  &amp; Distribution,Equity
531029,BHATEXT,BHARAT TEXTILES &amp; PROOFING INDUSTRIES LTD.,Active,P ,10.00,INE201N01019,Comm.Trading  &amp; Distribution,Equity
531041,COMPEAU,COMPETENT AUTOMOBILES CO.LTD.,Active,XD,10.00,INE823B01015,Comm.Trading  &amp; Distribution,Equity
531102,SURANACORP,SURANA CORPORATION LTD.,Active,B ,10.00,INE357D01010,Comm.Trading  &amp; Distribution,Equity
531115,SYNERGY,SYNERGY COSMETICS (EXIM) LTD.,Active,XD,10.00,INE198D01018,Comm.Trading  &amp; Distribution,Equity
531158,CATVISION,Catvision Limited,Active,XT,10.00,INE660B01011,Comm.Trading  &amp; Distribution,Equity
531178,HEMANG,Hemang Resources Ltd,Active,XD,10.00,INE930A01010,Comm.Trading  &amp; Distribution,Equity
531191,FILTRON,FILTRON ENGINEERS LTD.,Active,XT,10.00,INE589N01017,Comm.Trading  &amp; Distribution,Equity
531196,GAGANPO,GAGAN POLYCOT INDIA LTD.,Active,XD,10.00,INE297L01011,Comm.Trading  &amp; Distribution,Equity
531205,KANSAFB,KANSAL FIBRES LTD.,Active,P ,10.00,INE179O01015,Comm.Trading  &amp; Distribution,Equity
531357,MERMETL,MERCURY METALS LTD.,Active,XT,1.00,INE763M01028,Comm.Trading  &amp; Distribution,Equity
531402,LWSKNIT,LWS KNITWEAR LTD.,Active,XT,10.00,INE281M01013,Comm.Trading  &amp; Distribution,Equity
531447,ROCKONENT,Rockon Enterprises Ltd,Active,XD,10.00,INE644B01049,Comm.Trading  &amp; Distribution,Equity
531465,NOUVEAU,NOUVEAU GLOBAL VENTURES LTD.,Active,XD,10.00,INE317B01034,Comm.Trading  &amp; Distribution,Equity
531515,MAHANIN,MAHAN INDUSTRIES LTD.,Active,XD,10.00,INE735D01033,Comm.Trading  &amp; Distribution,Equity
531544,VERTEXSPG,VERTEX SPINNING LTD.,Active,Z ,10.00,INE863F01038,Comm.Trading  &amp; Distribution,Equity
531551,INCORPI,INTERCORP INDUSTRIES LTD.,Active,ZP,10.00,NA          ,Comm.Trading  &amp; Distribution,Equity
531585,DEVINE,DEVINE IMPEX LTD.,Active,XT,10.00,INE455C01014,Comm.Trading  &amp; Distribution,Equity
531664,MAHAV,MAHAVIR IMPEX LTD.,Active,Z ,5.00,INE997B01025,Comm.Trading  &amp; Distribution,Equity
531667,SHGOVTR,SHREE SURGOVIND TRADELINK LTD.,Active,XT,10.00,INE117K01013,Comm.Trading  &amp; Distribution,Equity
531743,HIRAUTO,HIRA AUTOMOBILES LTD.,Active,P ,10.00,NA          ,Comm.Trading  &amp; Distribution,Equity
531744,GINISILK,GINI SILK MILLS LTD.-$,Active,XD,10.00,INE548B01018,Comm.Trading  &amp; Distribution,Equity
531752,SUNTECHNO,SUN TECHNO OVERSEAS LTD.,Active,XD,1.00,INE703D01023,Comm.Trading  &amp; Distribution,Equity
531780,KACL,Kaiser Corporation Limited,Active,XD,1.00,INE229G01022,Comm.Trading  &amp; Distribution,Equity
531819,NUWAY,NUWAY ORGANIC NATURALS INDIA LTD.,Active,XT,10.00,INE414L01012,Comm.Trading  &amp; Distribution,Equity
531842,LAHOTIOV,LAHOTI OVERSEAS LTD.-$,Active,XD,2.00,INE515C01023,Comm.Trading  &amp; Distribution,Equity
531867,UNITINT,UNITECH INTERNATIONAL LTD.,Active,XD,10.00,INE929K01011,Comm.Trading  &amp; Distribution,Equity
531881,GMETCOAL,GUJARAT METALLIC COAL &amp; COKE LTD.-$,Active,XD,100.00,INE146F01020,Comm.Trading  &amp; Distribution,Equity
531885,SVAINDIA,SVA INDIA LTD.,Active,P ,10.00,INE763K01014,Comm.Trading  &amp; Distribution,Equity
531900,CCLINTER,CCL INTERNATIONAL LTD.,Active,XC,10.00,INE778E01031,Comm.Trading  &amp; Distribution,Equity
531904,KARUNACAB,GLOBUS CORPORATION LTD.-$,Active,B ,2.00,INE774B01028,Comm.Trading  &amp; Distribution,Equity
531918,HINDAPL,HINDUSTAN APPLIANCES LTD.,Active,P ,10.00,NA          ,Comm.Trading  &amp; Distribution,Equity
532038,EMMSONS,EMMSONS INTERNATIONAL LTD.-$,Active,XT,10.00,INE073C01015,Comm.Trading  &amp; Distribution,Equity
532127,MOBILTEL,MOBILE TELECOMMUNICATIONS LTD.,Active,XD,1.00,INE770B01026,Comm.Trading  &amp; Distribution,Equity
532373,WEPSOLN,WEP SOLUTIONS LTD.,Active,XD,10.00,INE434B01029,Comm.Trading  &amp; Distribution,Equity
532613,MAXWELL,MAXWELL INDUSTRIES LTD.,Active,B ,2.00,INE450G01024,Comm.Trading  &amp; Distribution,Equity
532623,NRINTER,N.R.INTERNATIONAL LTD.,Active,XD,10.00,INE605F01017,Comm.Trading  &amp; Distribution,Equity
532645,BEEYU,BEEYU OVERSEAS LTD.,Active,XT,10.00,INE052B01011,Comm.Trading  &amp; Distribution,Equity
532713,SAKUMA,SAKUMA EXPORTS LTD.,Active,B ,10.00,INE190H01016,Comm.Trading  &amp; Distribution,Equity
532805,REDINGTON,REDINGTON (INDIA) LTD.,Active,A ,2.00,INE891D01026,Comm.Trading  &amp; Distribution,Equity
533014,SICAGEN,SICAGEN INDIA LTD.,Active,B ,10.00,INE176J01011,Comm.Trading  &amp; Distribution,Equity
533520,IBWSL,INDIABULLS WHOLESALE SERVICES LTD.,Active,B ,2.00,INE126M01010,Comm.Trading  &amp; Distribution,Equity
534328,HEXATRADEX,HEXA TRADEX LTD.,Active,B ,2.00,INE750M01017,Comm.Trading  &amp; Distribution,Equity
534564,ASEEMG,ASEEM GLOBAL LTD.,Active,XD,10.00,INE439C01018,Comm.Trading  &amp; Distribution,Equity
534674,DUCON,Ducon Infratechnologies Ltd,Active,B ,1.00,INE741L01018,Comm.Trading  &amp; Distribution,Equity
535204,MUKTA,Mukta Agriculture Ltd,Active,XC,10.00,INE160O01031,Comm.Trading  &amp; Distribution,Equity
535620,BINNYMILLS,BINNY MILLS LTD.,Active,XD,10.00,INE160L01011,Comm.Trading  &amp; Distribution,Equity
535694,EDSL,EDYNAMICS SOLUTIONS LTD.,Active,B ,10.00,INE899O01018,Comm.Trading  &amp; Distribution,Equity
536170,KUSHAL,Kushal Tradelink Ltd,Active,B ,2.00,INE647N01021,Comm.Trading  &amp; Distribution,Equity
536644,NEWEVER,Newever Trade Wings Ltd,Active,M ,10.00,INE596O01010,Comm.Trading  &amp; Distribution,Equity
537254,RCIIND,RCI Industries &amp; Technologies Ltd,Active,M ,10.00,INE140B01014,Comm.Trading  &amp; Distribution,Equity
537492,AGRIMONY,Agrimony Commodities Ltd,Active,M ,10.00,INE567P01018,Comm.Trading  &amp; Distribution,Equity
537838,MITL,Mahadushi International Trade Ltd,Active,XD,10.00,INE339P01038,Comm.Trading  &amp; Distribution,Equity
537954,SKP,Shri Krishna Prasadam Ltd,Active,M ,10.00,INE009Q01019,Comm.Trading  &amp; Distribution,Equity
538382,WESTLEIRES,West Leisure Resorts Ltd,Active,XT,10.00,INE266P01017,Comm.Trading  &amp; Distribution,Equity
538432,DIVINUS,Divinus Fabrics Ltd,Active,XD,10.00,INE478P01018,Comm.Trading  &amp; Distribution,Equity
538541,ANGL,Angels Enterprises Ltd,Active,XT,10.00,INE784P01035,Comm.Trading  &amp; Distribution,Equity
538548,VITANAGRO,Vitan Agro Industries Ltd,Active,XD,1.00,INE186Q01023,Comm.Trading  &amp; Distribution,Equity
538563,ADARSH,Adarsh Mercantile Ltd,Active,XD,10.00,INE673E01018,Comm.Trading  &amp; Distribution,Equity
538566,POTENTIAL,Potential Investments &amp; Finance Ltd,Active,XD,2.00,INE919P01029,Comm.Trading  &amp; Distribution,Equity
538568,FRUTION,Fruition Venture Ltd,Active,XT,10.00,INE836C01015,Comm.Trading  &amp; Distribution,Equity
538575,SURYAMARK,Surya Marketing Ltd,Active,XD,1.00,INE717P01027,Comm.Trading  &amp; Distribution,Equity
538579,CAREWELL,Carewell Industries Ltd,Active,M ,10.00,INE641Q01019,Comm.Trading  &amp; Distribution,Equity
538652,HCLTD,Hind Commerce Ltd,Active,XD,10.00,INE691J01019,Comm.Trading  &amp; Distribution,Equity
538667,SIROHIA,Sirohia &amp; Sons Ltd,Active,M ,10.00,INE785O01019,Comm.Trading  &amp; Distribution,Equity
538730,PDSMFL,PDS Multinational Fashions Ltd,Active,B ,10.00,INE111Q01013,Comm.Trading  &amp; Distribution,Equity
538742,RUBYTEL,Ruby Traders &amp; Exporters Ltd,Active,XT,10.00,INE516E01019,Comm.Trading  &amp; Distribution,Equity
538861,AMSONS,Amsons Apparels Ltd,Active,M ,10.00,INE812P01018,Comm.Trading  &amp; Distribution,Equity
538895,MIHIKA,Mihika Industries Ltd,Active,XT,10.00,INE779Q01017,Comm.Trading  &amp; Distribution,Equity
538920,SPACEAGE,Spaceage Products Ltd,Active,XT,10.00,INE498Q01014,Comm.Trading  &amp; Distribution,Equity
539014,KALPACOMME,Kalpa Commercial Ltd,Active,XC,10.00,INE059Q01014,Comm.Trading  &amp; Distribution,Equity
539032,FRASER,Fraser and Company Ltd,Active,XD,10.00,INE184Q01010,Comm.Trading  &amp; Distribution,Equity
539041,MAHABIR,Mahabir Metallex Ltd,Active,M ,10.00,INE369Q01017,Comm.Trading  &amp; Distribution,Equity
539097,YOGYA,Yogya Enterprises Ltd,Active,M ,10.00,INE904R01019,Comm.Trading  &amp; Distribution,Equity
539197,DEVHARI,Devhari Exports (India) Ltd,Active,XD,1.00,INE553P01018,Comm.Trading  &amp; Distribution,Equity
539246,JEL,Jyotirgamya Enterprises Ltd,Active,XT,10.00,INE805R01018,Comm.Trading  &amp; Distribution,Equity
539267,PCPROD,PC Products India Ltd,Active,XD,10.00,INE579N01018,Comm.Trading  &amp; Distribution,Equity
539359,SHIVKRUPA,Shivkrupa Machineries and Engineering Services Ltd,Active,XD,10.00,INE583R01011,Comm.Trading  &amp; Distribution,Equity
539406,SWAGTAM,Swagtam Trading &amp; Services Ltd,Active,XT,10.00,INE150R01019,Comm.Trading  &amp; Distribution,Equity
539409,NEERAJ,Neeraj Paper Marketing Ltd,Active,XT,10.00,INE894J01019,Comm.Trading  &amp; Distribution,Equity
539410,SIENERGY,Sinner Energy India Ltd,Active,XD,10.00,INE873S01014,Comm.Trading  &amp; Distribution,Equity
539449,IGC,IGC Foils Ltd,Active,XT,10.00,INE099S01016,Comm.Trading  &amp; Distribution,Equity
539546,BNL,Beekay Niryat Ltd,Active,XD,10.00,INE679E01015,Comm.Trading  &amp; Distribution,Equity
539561,ROXY,Roxy Exports Ltd,Active,XT,10.00,INE549S01010,Comm.Trading  &amp; Distribution,Equity
539584,SIPTL,Sharanam Infraproject and Trading Ltd,Active,XT,1.00,INE104S01022,Comm.Trading  &amp; Distribution,Equity
539600,CHAMAK,Chamak Holdings Ltd,Active,XT,10.00,INE049R01013,Comm.Trading  &amp; Distribution,Equity
539691,RGCEL,Real Growth Commercial Enterprises Ltd,Active,XT,10.00,INE836D01013,Comm.Trading  &amp; Distribution,Equity
539800,CHDCHEM,CHD Chemicals Ltd,Active,M ,10.00,INE043U01010,Comm.Trading  &amp; Distribution,Equity
590065,IMPAL,INDIA MOTOR PARTS &amp; ACCESSORIES LTD.,Active,B ,10.00,INE547E01014,Comm.Trading  &amp; Distribution,Equity
590068,KHAITANLTD,KHAITAN (INDIA) LTD.,Active,B ,10.00,INE731C01018,Comm.Trading  &amp; Distribution,Equity
