Security Code,Security Id,Security Name,Status,Group,Face Value,ISIN No,Industry,Instrument
500106,IFCI,IFCI LTD.,Active,A ,10.00,INE039A01010,Financial Institutions,Equity
526650,TFCILTD,TOURISM FINANCE CORPORATION OF INDIA LTD.,Active,B ,10.00,INE305A01015,Financial Institutions,Equity
530927,HARAFIN,HARYANA FINANCIAL CORPORATION LTD.,Active,P ,10.00,NA          ,Financial Institutions,Equity
532160,GUJSTATFIN,GUJARAT STATE FINANCIAL CORPORATION LTD.,Active,P ,10.00,INE944A01011,Financial Institutions,Equity
539844,EQUITAS,Equitas Holdings Ltd,Active,B ,10.00,INE988K01017,Financial Institutions,Equity
