Security Code,Security Id,Security Name,Status,Group,Face Value,ISIN No,Industry,Instrument
508869,APOLLOHOSP,APOLLO HOSPITALS ENTERPRISE LTD.,Active,A ,5.00,INE437A01024,Healthcare Facilities,Equity
532150,INDRAMEDCO,INDRAPRASTHA MEDICAL CORP.LTD.,Active,B ,10.00,INE681B01017,Healthcare Facilities,Equity
532843,FORTIS,FORTIS HEALTHCARE LTD.,Active,A ,10.00,INE061F01013,Healthcare Facilities,Equity
532998,LOTUSEYE,LOTUS EYE CARE HOSPITAL LTD.,Active,B ,10.00,INE947I01017,Healthcare Facilities,Equity
534422,LOOKS,Looks Health Services Limited,Active,B ,10.00,INE204N01013,Healthcare Facilities,Equity
539428,TEJNAKSH,Tejnaksh Healthcare Ltd,Active,M ,10.00,INE030T01019,Healthcare Facilities,Equity
539433,INDOGLOBAL,Indo-Global Enterprises Ltd,Active,XT,10.00,INE400S01016,Healthcare Facilities,Equity
539551,NH,Narayana Hrudayalaya Ltd,Active,B ,10.00,INE410P01011,Healthcare Facilities,Equity
539787,HCG,HealthCare Global Enterprises Ltd,Active,B ,10.00,INE075I01017,Healthcare Facilities,Equity
