Security Code,Security Id,Security Name,Status,Group,Face Value,ISIN No,Industry,Instrument
523455,TECPO,TECHTRAN POLYLENSES LTD.,Active,XD,10.00,INE020C01016,Healthcare Supplies,Equity
524754,GUJMEDI,GUJARAT MEDITECH LTD.,Active,XT,10.00,INE010M01016,Healthcare Supplies,Equity
526853,BI,BILCARE LTD.-$,Active,XC,10.00,INE986A01012,Healthcare Supplies,Equity
527005,SHREEPAC,SHREE PACETRONIX LTD.,Active,XD,10.00,INE847D01010,Healthcare Supplies,Equity
531328,IDEAOPT,IDEAL OPTICS LTD.,Active,T ,10.00,INE128R01015,Healthcare Supplies,Equity
