Security Code,Security Id,Security Name,Status,Group,Face Value,ISIN No,Industry,Instrument
524136,PCCOSMA,PEE CEE COSMA SOPE LTD.,Active,XD,10.00,INE417E01010,Household Products,Equity
530853,HIPOLIN,HIPOLIN LTD.,Active,XD,10.00,INE963A01011,Household Products,Equity
531663,YUVRAAJHPL,YUVRAAJ HYGIENE PRODUCTS LTD.,Active,XD,1.00,INE139D01020,Household Products,Equity
532787,ESSDEE,ESS DEE ALUMINIUM LTD.,Active,B ,10.00,INE825H01017,Household Products,Equity
532926,JYOTHYLAB,JYOTHY LABORATORIES LTD.,Active,B ,1.00,INE668F01031,Household Products,Equity
590094,FARMAXIND,Farmax India Limited-$,Active,B ,1.00,INE890I01035,Household Products,Equity
