Security Code,Security Id,Security Name,Status,Group,Face Value,ISIN No,Industry,Instrument
500060,BIRLAERIC,BIRLA ERICSSON OPTICAL LTD.,Active,T ,10.00,INE800A01015,Other Elect.Equip./ Prod.,Equity
500139,FEDDERLOYD,FEDDERS LLOYD CORPORATION LTD.,Active,B ,10.00,INE249C01011,Other Elect.Equip./ Prod.,Equity
500144,FINCABLES,FINOLEX CABLES LTD.,Active,A ,2.00,INE235A01022,Other Elect.Equip./ Prod.,Equity
503960,BBL,BHARAT BIJLEE LTD.-$,Active,B ,10.00,INE464A01028,Other Elect.Equip./ Prod.,Equity
504000,ELPROINTL,ELPRO INTERNATIONAL LTD.,Active,XC,2.00,INE579B01021,Other Elect.Equip./ Prod.,Equity
504080,JSLINDL,JSL INDUSTRIES LTD.,Active,XT,10.00,INE581L01018,Other Elect.Equip./ Prod.,Equity
504084,KAYCEEI,KAYCEE INDUSTRIES LTD.,Active,XD,100.00,INE813G01015,Other Elect.Equip./ Prod.,Equity
504212,UNIVCABLES,UNIVERSAL CABLES LTD.,Active,B ,10.00,INE279A01012,Other Elect.Equip./ Prod.,Equity
504240,DLTNCBL,DELTON CABLES LTD.,Active,XT,10.00,INE872E01016,Other Elect.Equip./ Prod.,Equity
504258,LAKSELEC,LAKSHMI ELECTRICAL CONTROL SYSTEMS LTD.,Active,XD,10.00,INE284C01018,Other Elect.Equip./ Prod.,Equity
504273,TUMUSEL,TUMUS ELECTRIC CORPORATION LTD.,Active,P ,10.00,INE064R01012,Other Elect.Equip./ Prod.,Equity
504286,DELTAMAGNT,DELTA MAGNETS LTD.,Active,B ,10.00,INE393A01011,Other Elect.Equip./ Prod.,Equity
504697,GALADA,GALADA POWER &amp; TELECOMMUNICATION LTD.,Active,XD,10.00,INE255C01018,Other Elect.Equip./ Prod.,Equity
506261,MODISNME,MODISON METALS LTD.-$,Active,XC,1.00,INE737D01021,Other Elect.Equip./ Prod.,Equity
513519,PITTILAM,PITTI LAMINATIONS LTD.-$,Active,B ,5.00,INE450D01021,Other Elect.Equip./ Prod.,Equity
517059,SALZER,SALZER ELECTRONICS LTD.-$,Active,B ,10.00,INE457F01013,Other Elect.Equip./ Prod.,Equity
517096,APLAB,APLAB LTD.-$,Active,XT,10.00,INE273A01015,Other Elect.Equip./ Prod.,Equity
517170,KLKELEC,KLK Electrical Ltd,Active,XT,10.00,INE125G01014,Other Elect.Equip./ Prod.,Equity
517174,HONAUT,HONEYWELL AUTOMATION INDIA LTD.,Active,B ,10.00,INE671A01010,Other Elect.Equip./ Prod.,Equity
517271,HBLPOWER,HBL POWER SYSTEMS LTD.-$,Active,B ,1.00,INE292B01021,Other Elect.Equip./ Prod.,Equity
517288,GUJPOLYA,GUJARAT POLY-AVX ELECTRONICS LTD.,Active,XT,10.00,INE541F01022,Other Elect.Equip./ Prod.,Equity
517296,PHOENIXLL,Phoenix Lamps Limited,Active,B ,10.00,INE455B01016,Other Elect.Equip./ Prod.,Equity
517320,SAVINFOCO,SAVANT INFOCOMM LTD.,Active,XT,10.00,INE898E01011,Other Elect.Equip./ Prod.,Equity
517354,HAVELLS,HAVELLS INDIA LTD.,Active,A ,1.00,INE176B01034,Other Elect.Equip./ Prod.,Equity
517370,INCAP,INCAP LTD.,Active,XT,10.00,INE437C01012,Other Elect.Equip./ Prod.,Equity
517423,INTEGSW,INTEGRA SWITCHGEAR LTD.,Active,P ,10.00,NA          ,Other Elect.Equip./ Prod.,Equity
517467,MARSONS,MARSONS LIMITED,Active,XD,10.00,INE415B01036,Other Elect.Equip./ Prod.,Equity
517498,WEBELSOLAR,WEBSOL ENERGY SYSTEM LTD.,Active,B ,10.00,INE855C01015,Other Elect.Equip./ Prod.,Equity
517546,ALFATRAN,ALFA TRANSFORMERS LTD.,Active,XD,10.00,INE209C01015,Other Elect.Equip./ Prod.,Equity
517569,KEI,KEI INDUSTRIES LTD.,Active,B ,2.00,INE878B01027,Other Elect.Equip./ Prod.,Equity
522017,FLUIDOM,FLUIDOMAT LTD.,Active,XC,10.00,INE459C01016,Other Elect.Equip./ Prod.,Equity
522163,DIAPOWER,Diamond Power Infrastructure Limited-$,Active,B ,10.00,INE989C01012,Other Elect.Equip./ Prod.,Equity
522281,RAMRAT,RAM RATNA WIRES LTD.-$,Active,XT,5.00,INE207E01023,Other Elect.Equip./ Prod.,Equity
530333,EMGEECA,EMGEE CABLES &amp; COMMUNICATIONS LTD.,Active,P ,10.00,INE128F01010,Other Elect.Equip./ Prod.,Equity
530343,GENUSPOWER,GENUS POWER INFRASTRUCTURES LTD.-$,Active,B ,1.00,INE955D01029,Other Elect.Equip./ Prod.,Equity
530555,PARACABLES,PARAMOUNT COMMUNICATIONS LTD.-$,Active,B ,2.00,INE074B01023,Other Elect.Equip./ Prod.,Equity
531201,SHILCTECH,SHILCHAR TECHNOLOGIES LTD.,Active,XD,10.00,INE024F01011,Other Elect.Equip./ Prod.,Equity
531215,RTSPOWR,RTS POWER CORPORATION LTD.,Active,XD,10.00,INE005C01017,Other Elect.Equip./ Prod.,Equity
531460,CONTICON,CONTINENTAL CONTROLS LTD.,Active,XT,10.00,INE545B01022,Other Elect.Equip./ Prod.,Equity
531472,CYBELEIND,CYBELE INDUSTRIES LTD.,Active,XT,10.00,INE183D01010,Other Elect.Equip./ Prod.,Equity
531524,ICSA,ICSA (INDIA) LTD.-$,Active,B ,2.00,INE306B01029,Other Elect.Equip./ Prod.,Equity
531590,BILPOWER,BILPOWER LTD.,Active,B ,10.00,INE952D01018,Other Elect.Equip./ Prod.,Equity
531771,TOWASOK,TOWA SOKKI LTD.,Active,XT,10.00,INE311M01018,Other Elect.Equip./ Prod.,Equity
531812,SGNTE,SGN TELECOMS LTD.,Active,XD,1.00,INE266C01023,Other Elect.Equip./ Prod.,Equity
532259,APARINDS,APAR INDUSTRIES LTD.,Active,B ,10.00,INE372A01015,Other Elect.Equip./ Prod.,Equity
532658,EON,EON ELECTRIC LTD.,Active,B ,5.00,INE076H01025,Other Elect.Equip./ Prod.,Equity
532751,EASUNREYRL,EASUN REYROLLE LTD.,Active,B ,2.00,INE268C01029,Other Elect.Equip./ Prod.,Equity
532941,CORDSCABLE,CORDS CABLE INDUSTRIES LTD.,Active,B ,10.00,INE792I01017,Other Elect.Equip./ Prod.,Equity
532953,VGUARD,V-GUARD INDUSTRIES LTD.,Active,B ,10.00,INE951I01019,Other Elect.Equip./ Prod.,Equity
533083,RDEVCAB,RISHABHDEV TECHNOCABLE LTD.,Active,XD,10.00,INE685F01019,Other Elect.Equip./ Prod.,Equity
533193,KECL,Kirloskar Electric Company Ltd,Active,B ,10.00,INE134B01017,Other Elect.Equip./ Prod.,Equity
533257,INDOSOLAR,INDOSOLAR LTD.,Active,B ,10.00,INE866K01015,Other Elect.Equip./ Prod.,Equity
533298,SURANASOL,Surana Solar Limited,Active,B ,5.00,INE272L01022,Other Elect.Equip./ Prod.,Equity
533321,BILENERGY,BIL ENERGY SYSTEMS LTD.,Active,B ,1.00,INE607L01029,Other Elect.Equip./ Prod.,Equity
533389,SHILPI,SHILPI CABLE TECHNOLOGIES LTD.,Active,B ,10.00,INE510K01019,Other Elect.Equip./ Prod.,Equity
537766,BCP,B.C. Power Controls Ltd,Active,M ,10.00,INE905P01010,Other Elect.Equip./ Prod.,Equity
538706,ULTRACAB,Ultracab (India) Ltd,Active,M ,10.00,INE010R01015,Other Elect.Equip./ Prod.,Equity
539196,AEL,Amba Enterprises Ltd,Active,XD,5.00,INE829P01020,Other Elect.Equip./ Prod.,Equity
539331,VETO,Veto Switchgears and Cables Ltd,Active,B ,10.00,INE918N01018,Other Elect.Equip./ Prod.,Equity
539760,RELICAB,Relicab Cable Manufacturing Ltd,Active,M ,10.00,INE773T01014,Other Elect.Equip./ Prod.,Equity
