Security Code,Security Id,Security Name,Status,Group,Face Value,ISIN No,Industry,Instrument
500069,BNKCAP,BNK CAPITAL MARKETS LTD.,Active,XD,10.00,INE418C01012,Other Financial Services,Equity
500092,CRISIL,CRISIL LTD.,Active,A ,1.00,INE007A01025,Other Financial Services,Equity
500337,PRIMESECU,PRIME SECURITIES LTD.,Active,B ,5.00,INE032B01021,Other Financial Services,Equity
500450,MPILCORPL,MPIL CORPORATION LTD.,Active,XD,10.00,INE844C01027,Other Financial Services,Equity
501110,SUNRINV,SUNRISE INDUSTRIAL TRADERS LTD.,Active,P ,10.00,,Other Financial Services,Equity
501150,CENTRUM,CENTRUM CAPITAL LTD.,Active,XT,1.00,INE660C01027,Other Financial Services,Equity
501151,KARTKIN,KARTIK INVESTMENTS TRUST LTD.,Active,P ,10.00,NA          ,Other Financial Services,Equity
501154,ROSEI,ROSE INVESTMENTS LTD.,Active,P ,10.00,INE383D01016,Other Financial Services,Equity
501261,KRATOSENER,KRATOS ENERGY &amp; INFRASTRUCTURE LTD.,Active,P ,10.00,NA          ,Other Financial Services,Equity
501386,ZSWASTSA,SWASTIK SAFE DEPOSIT &amp; INVESTMENTS LTD.,Active,P ,10.00,NA          ,Other Financial Services,Equity
503622,ZSVTRADI,S.V.TRADING &amp; AGENCIES LTD.,Active,XT,10.00,INE404N01019,Other Financial Services,Equity
503626,KSHITIJ,KSHITIZ INVESTMENT LTD.,Active,P ,10.00,NA          ,Other Financial Services,Equity
503635,SALSAIN,SHREE SALASAR INVESTMENT LTD.,Active,P ,10.00,,Other Financial Services,Equity
503637,DHANLEELA,DHANLEELA INVESTMENTS &amp; TRADING COMPANY LTD.,Active,XT,2.00,INE683D01027,Other Financial Services,Equity
503671,UNIJOLL,UNIJOLLY INVESTMENTS CO.LTD.,Active,XT,10.00,INE130N01010,Other Financial Services,Equity
503893,ZSATYASL,SATYAM SILK MILLS LTD.,Active,P ,10.00,NA          ,Other Financial Services,Equity
504340,CONFINT,Confidence Finance And Trading Limited,Active,XD,1.00,INE180M01025,Other Financial Services,Equity
504341,RAVINDT,RAVINDRA TRADING &amp; AGENCIES LTD.,Active,XT,10.00,INE206N01018,Other Financial Services,Equity
504346,GDTRAGN,G.D.TRADING &amp; AGENCIES LTD.,Active,P ,10.00,INE713N01013,Other Financial Services,Equity
504365,RIDHISYN,RIDHI SYNTHETICS LTD.,Active,P ,10.00,,Other Financial Services,Equity
504390,ARVRTRI,ARUN VARUN TRADE &amp; INVESTMENT LTD.,Active,XT,10.00,INE292N01018,Other Financial Services,Equity
504392,KRISHNA,Krishna Ventures Limited,Active,XT,10.00,INE537L01010,Other Financial Services,Equity
504991,VIDIRMT,VIDARBHA IRON &amp; STEEL CORPORATION LTD.,Active,P ,10.00,NA          ,Other Financial Services,Equity
505515,SHYMINV,SHYAMKAMAL INVESTMENTS LTD.,Active,XT,10.00,INE203N01015,Other Financial Services,Equity
505529,SHYAMHO,SHYAMAL HOLDINGS &amp; TRADING LTD.,Active,P ,10.00,INE481F01013,Other Financial Services,Equity
506142,VYAPAR,VYAPAR INDUSTRIES LTD.,Active,XD,10.00,INE070G01012,Other Financial Services,Equity
506162,TERRAFORM,TERRAFORM MAGNUM LTD.,Active,P ,10.00,NA          ,Other Financial Services,Equity
507864,PIONRINV,PIONEER INVESTCORP LTD.,Active,XD,10.00,INE746D01014,Other Financial Services,Equity
507912,LKPFIN,LKP Finance Limited,Active,XC,10.00,INE724A01017,Other Financial Services,Equity
508905,SMIFS,SMIFS CAPITAL MARKETS LTD.,Active,XD,10.00,INE641A01013,Other Financial Services,Equity
509760,MODRNSH,MODERN SHARES &amp; STOCKBROKERS LTD.,Active,XD,10.00,INE370A01019,Other Financial Services,Equity
509945,THACKER,THACKER &amp; CO.LTD.,Active,XT,1.00,INE077P01034,Other Financial Services,Equity
511110,VBDESAI,V.B.DESAI FINANCIAL SERVICES LTD.,Active,XD,10.00,INE848D01018,Other Financial Services,Equity
511333,VLSFINANCE,VLS FINANCE LTD.,Active,B ,10.00,INE709A01018,Other Financial Services,Equity
511401,MUNOTHI,MUNOTH INVESTMENTS LTD.,Active,XD,10.00,INE410E01015,Other Financial Services,Equity
511473,INDBANK,INDBANK MERCHANT BANKING SERVICES LTD.,Active,B ,10.00,INE841B01017,Other Financial Services,Equity
511501,BHARAT,BHARAT BHUSHAN SHARE &amp; COMMODITY BROKERS LTD.,Active,XD,10.00,INE900A01013,Other Financial Services,Equity
511535,NDASEC,NDA SECURITIES LTD.,Active,XD,10.00,INE026C01013,Other Financial Services,Equity
511551,MONARCH,Monarch Networth Capital Ltd,Active,XD,10.00,INE903D01011,Other Financial Services,Equity
511605,ARIHCAPM,ARIHANT CAPITAL MARKETS LTD.,Active,XD,5.00,INE420B01028,Other Financial Services,Equity
511692,AJCON,AJCON GLOBAL SERVICES LTD.,Active,XD,10.00,INE759C01019,Other Financial Services,Equity
511696,CHRTEDCA,CHARTERED CAPITAL &amp; INVESTMENT LTD.,Active,XD,10.00,INE953B01010,Other Financial Services,Equity
511706,ACTIONFI,ACTION FINANCIAL SERVICES (INDIA) LTD.,Active,XD,10.00,INE357A01032,Other Financial Services,Equity
511712,RELICTEC,RELIC TECHNOLOGIES LTD.,Active,XD,10.00,INE452B01013,Other Financial Services,Equity
511738,MEHSECU,MEHTA SECURITIES LTD.,Active,XT,10.00,INE241B01010,Other Financial Services,Equity
512022,WINROC,WINRO COMMERCIAL (INDIA) LTD.,Active,XT,10.00,INE837E01019,Other Financial Services,Equity
512121,DELINFRA,Delma Infrastructure Limited,Active,P ,10.00,NA          ,Other Financial Services,Equity
512215,VORACON,VORA CONSTRUCTIONS LTD.,Active,XT,10.00,INE902L01016,Other Financial Services,Equity
512247,ASHCAP,ASHIRWAD CAPITAL LTD.,Active,XD,1.00,INE894A01026,Other Financial Services,Equity
512273,ARONICOMM,ARONI COMMERCIALS LTD.-$,Active,XD,10.00,INE484B01016,Other Financial Services,Equity
512291,ZSPEEDCO,SPEEDAGE COMMERCIALS LTD.,Active,P ,10.00,INE497M01015,Other Financial Services,Equity
512367,ZSHERAPR,SHERATON PROPERTIES &amp; FINANCE LTD.,Active,P ,10.00,INE495M01019,Other Financial Services,Equity
512393,SHARDUL,SHARDUL SECURITIES LTD.,Active,XD,10.00,INE037B01012,Other Financial Services,Equity
512399,KAPASHI,KAPASHI COMMERCIALS LTD.,Active,XT,10.00,INE017I01019,Other Financial Services,Equity
512437,APOLLOFI,APOLLO FINVEST (INDIA) LTD.,Active,XD,10.00,INE412D01013,Other Financial Services,Equity
512443,GANONTR,GANON TRADING FINANCE CO.LTD.,Active,XD,10.00,INE162L01017,Other Financial Services,Equity
512445,DEVITRD,DEVINSU TRADING LTD.,Active,P ,10.00,NA          ,Other Financial Services,Equity
512499,SHALPRO,SHALIMAR PRODUCTIONS LTD.,Active,XD,1.00,INE435E01020,Other Financial Services,Equity
512624,REGENTRP,Regent Enterprises Ltd,Active,XT,10.00,INE769D01016,Other Financial Services,Equity
514238,IKAB,IKAB SECURITIES &amp; INVESTMENT LTD.,Active,XD,10.00,INE874A01010,Other Financial Services,Equity
521194,SILINV,SIL INVESTMENTS LTD.,Active,B ,10.00,INE923A01015,Other Financial Services,Equity
522209,YOGISUNG,YOGI SUNG-WON (INDIA) LTD.,Active,XD,10.00,INE429B01011,Other Financial Services,Equity
523019,BNRSEC,B.N.RATHI SECURITIES LTD.,Active,XD,10.00,INE710D01010,Other Financial Services,Equity
523030,RAJDHNIL,RAJDHANI LEASING &amp; INDUSTRIES LTD.,Active,XD,10.00,INE608D01016,Other Financial Services,Equity
523221,MCSLTD,MCS LTD.,Active,XD,10.00,INE737A01019,Other Financial Services,Equity
523405,JMFINANCIL,JM FINANCIAL LTD.-$,Active,B ,1.00,INE780C01023,Other Financial Services,Equity
526071,STELLANT,STELLANT SECURITIES (INDIA) LTD.,Active,XD,10.00,INE395F01015,Other Financial Services,Equity
526251,MIDEASTP,MID EAST PORTFOLIO MANAGEMENT LTD.,Active,XD,10.00,INE033E01015,Other Financial Services,Equity
526506,SYSTMTXC,SYSTEMATIX CORPORATE SERVICES LTD.,Active,XD,10.00,INE356B01016,Other Financial Services,Equity
526871,INTECCAP,INTEC CAPITAL LTD.,Active,XC,10.00,INE017E01018,Other Financial Services,Equity
526891,MKTCREAT,MARKET CREATORS LTD.,Active,XD,10.00,INE944C01017,Other Financial Services,Equity
526921,21STCENMGM,TWENTYFIRST CENTURY MANAGEMENT SERVICES LTD.,Active,B ,10.00,INE253B01015,Other Financial Services,Equity
526935,MBPARIKH,M.B.PARIKH FINSTOCKS LTD.,Active,XT,10.00,INE377D01018,Other Financial Services,Equity
530127,NPRFIN,NPR FINANCE LTD.,Active,XD,10.00,INE446D01011,Other Financial Services,Equity
530171,DAULAT,DAULAT SECURITIES LTD.,Active,XD,10.00,INE108C01019,Other Financial Services,Equity
530249,BRIDGESE,BRIDGE SECURITIES LTD.,Active,XD,10.00,INE958C01017,Other Financial Services,Equity
530341,MUKESHB,MUKESH BABU FINANCIAL SERVICES LTD.,Active,XD,10.00,INE596B01017,Other Financial Services,Equity
530357,KBSINDIA,KBS INDIA LIMITED,Active,XD,10.00,INE883D01015,Other Financial Services,Equity
530393,DBSTOCKBRO,DB (INTERNATIONAL) STOCK BROKERS LTD.,Active,B ,2.00,INE921B01025,Other Financial Services,Equity
530405,JINDCAP,JINDAL CAPITAL LTD.,Active,XD,10.00,INE356F01017,Other Financial Services,Equity
530419,SUMEDHA,SUMEDHA FISCAL SERVICES LTD.,Active,XD,10.00,INE886B01012,Other Financial Services,Equity
530585,SWASTIKA,SWASTIKA INVESTMART LTD.,Active,XD,10.00,INE691C01014,Other Financial Services,Equity
530669,PRESOFI,PREM SOMANI FINANCIAL SERVICES LTD.,Active,P ,10.00,NA          ,Other Financial Services,Equity
530723,ASITCFIN,ASIT C.MEHTA FINANCIAL SERVICES LTD.,Active,XD,10.00,INE041B01014,Other Financial Services,Equity
530867,SFLINTER,SFL International Ltd,Active,XT,10.00,INE320C01010,Other Financial Services,Equity
530879,BHILTEX,BHILWARA TEX-FIN LTD.,Active,XT,10.00,INE345H01016,Other Financial Services,Equity
530881,CENPORT,CENTURY TWENTYFIRST PORTFOLIO LTD.,Active,XT,10.00,INE485K01014,Other Financial Services,Equity
531025,VISAGAR,VISAGAR FINANCIAL SERVICES LTD.,Active,XD,2.00,INE309H01020,Other Financial Services,Equity
531027,LIBORD,LIBORD SECURITIES LTD.,Active,XD,10.00,INE267E01019,Other Financial Services,Equity
531082,ALANKIT,Alankit Ltd,Active,B ,2.00,INE914E01032,Other Financial Services,Equity
531211,WELLNESS,WELLNESS NONI LTD.,Active,P ,10.00,INE571H01017,Other Financial Services,Equity
531278,ELIXIR,Elixir Capital Ltd,Active,XD,10.00,INE785D01012,Other Financial Services,Equity
531310,AVAILFC,AVAILABLE FINANCE LTD.,Active,XD,10.00,INE325G01010,Other Financial Services,Equity
531324,ROSELABS,ROSELABS FINANCE LTD.,Active,XT,10.00,INE475C01012,Other Financial Services,Equity
531327,CHARMS,CHARMS INDUSTRIES LTD.,Active,XT,10.00,INE442C01012,Other Financial Services,Equity
531337,IRISMEDIA,IRIS MEDIAWORKS LTD.,Active,XT,5.00,INE974C01022,Other Financial Services,Equity
531340,BERVINL,BERVIN INVESTMENT &amp; LEASING LTD.,Active,XT,10.00,INE348I01018,Other Financial Services,Equity
531359,SRAMSET,SHRIRAM ASSET MANAGEMENT CO.LTD.,Active,XD,10.00,INE777G01012,Other Financial Services,Equity
531400,ALMONDZ,ALMONDZ GLOBAL SECURITIES LTD.,Active,B ,6.00,INE326B01027,Other Financial Services,Equity
531509,STEP2COR,STEP TWO CORPORATION LTD.,Active,XT,10.00,INE623D01015,Other Financial Services,Equity
531519,ANKUSHFI,ANKUSH FINSTOCK LTD.,Active,XD,10.00,INE784D01015,Other Financial Services,Equity
531600,GOGIACAP,Gogia Capital Services Limited,Active,XT,10.00,INE832C01014,Other Financial Services,Equity
531672,INANISEC,INANI SECURITIES LTD.,Active,XT,10.00,INE224C01014,Other Financial Services,Equity
531723,STAMPEDE,Stampede Capital Limited,Active,XC,1.00,INE224E01028,Other Financial Services,Equity
531821,MUNOTHFI,MUNOTH FINANCIAL SERVICES LTD.,Active,XD,10.00,INE348D01019,Other Financial Services,Equity
531846,TRINITYLEA,TRINITY LEAGUE INDIA LTD.,Active,P ,10.00,NA          ,Other Financial Services,Equity
531861,JOINDRE,JOINDRE CAPITAL SERVICES LTD.,Active,XD,10.00,INE024B01010,Other Financial Services,Equity
531892,KHANDSE,KHANDWALA SECURITIES LTD.,Active,B ,10.00,INE060B01014,Other Financial Services,Equity
531936,BLUECHIP,BLUE CHIP INDIA LTD.,Active,B ,2.00,INE657B01025,Other Financial Services,Equity
531950,VERTEX,VERTEX SECURITIES LTD.,Active,XD,2.00,INE316D01024,Other Financial Services,Equity
532024,RBGUPTA,R.B.GUPTA FINANCIALS LTD.,Active,P ,10.00,INE056J01015,Other Financial Services,Equity
532053,WALLFORT,WALLFORT FINANCIAL SERVICES LTD.,Active,XD,10.00,INE121B01014,Other Financial Services,Equity
532217,SIELFNS,SIEL FINANCIAL SERVICES LTD.,Active,P ,10.00,INE027F01014,Other Financial Services,Equity
532284,TCFCFINQ,TCFC FINANCE LTD.,Active,XD,10.00,INE389D01013,Other Financial Services,Equity
532285,GEOJITBNPP,GEOJIT BNP PARIBAS FINANCIAL SERVICES LTD.,Active,B ,1.00,INE007B01023,Other Financial Services,Equity
532290,BLBLIMITED,BLB LTD.,Active,B ,1.00,INE791A01024,Other Financial Services,Equity
532304,KJMCCORP,KJMC Corporate Advisors (India) Ltd.,Active,XD,10.00,INE602C01011,Other Financial Services,Equity
532333,HBPOR,HB PORTFOLIO LTD.,Active,XD,10.00,INE638B01017,Other Financial Services,Equity
532410,TRANSCOR,TRANSCORP INTERNATIONAL LTD.,Active,XD,2.00,INE330E01015,Other Financial Services,Equity
532636,IIFL,IIFL Holdings Limited,Active,A ,2.00,INE530B01024,Other Financial Services,Equity
532737,EMKAY,EMKAY GLOBAL FINANCIAL SERVICES LTD.,Active,B ,10.00,INE296H01011,Other Financial Services,Equity
532745,INDICAP,Inditrade Capital Limited,Active,XD,10.00,INE347H01012,Other Financial Services,Equity
532835,ICRA,ICRA LTD.,Active,A ,10.00,INE725G01011,Other Financial Services,Equity
532915,RELIGARE,RELIGARE ENTERPRISES LTD.,Active,A ,10.00,INE621H01010,Other Financial Services,Equity
532922,EDELWEISS,Edelweiss Financial Services Ltd.,Active,A ,1.00,INE532F01054,Other Financial Services,Equity
532938,CAPF,CAPITAL FIRST LTD.,Active,B ,10.00,INE688I01017,Other Financial Services,Equity
532960,IBVENTURES,Indiabulls Ventures Limited,Active,B ,2.00,INE274G01010,Other Financial Services,Equity
532974,BIRLAMONEY,ADITYA BIRLA MONEY LTD.-$,Active,B ,1.00,INE865C01022,Other Financial Services,Equity
532985,KTKSENSEX,KOTAK MAHINDRA MUTUAL FUND,Active,B ,10.00,INF373I01031,Other Financial Services,Equity
533149,ESSARSEC,Essar Securities Ltd,Active,XD,10.00,INE143K01019,Other Financial Services,Equity
533213,FRONTSEC,FRONTLINE SECURITIES LTD.,Active,XD,10.00,INE773B01012,Other Financial Services,Equity
533252,WELINV,WELSPUN INVESTMENTS AND COMMERCIALS LTD.,Active,B ,10.00,INE389K01018,Other Financial Services,Equity
533259,MICROSEC,MICROSEC FINANCIAL SERVICES LTD.,Active,B ,10.00,INE019J01013,Other Financial Services,Equity
533452,WEIZFOREX,WEIZMANN FOREX LTD.,Active,B ,10.00,INE726L01019,Other Financial Services,Equity
533506,INVENTURE,INVENTURE GROWTH &amp; SECURITIES LTD.,Active,B ,10.00,INE878H01016,Other Financial Services,Equity
533676,INDOTHAI,INDO THAI SECURITIES LTD.,Active,B ,10.00,INE337M01013,Other Financial Services,Equity
534063,FUTSOL,FUTURISTIC SOLUTIONS LTD.,Active,XT,10.00,INE241F01011,Other Financial Services,Equity
534091,MCX,MULTI COMMODITY EXCHANGE OF INDIA LTD.,Active,B ,10.00,INE745G01035,Other Financial Services,Equity
534618,SAL,SANGAM ADVISORS LTD.,Active,T ,10.00,INE299N01013,Other Financial Services,Equity
534691,COMCL,COMFORT COMMOTRADE LTD.,Active,B ,10.00,INE456N01019,Other Financial Services,Equity
534732,INTELLADV,INTELLIVATE CAPITAL ADVISORS LTD.,Active,XT,1.00,INE176N01021,Other Financial Services,Equity
534755,TRIOMERC,TRIO MERCANTILE &amp; TRADING LTD.,Active,XD,10.00,INE234G01014,Other Financial Services,Equity
534804,CARERATING,CREDIT ANALYSIS AND RESEARCH LTD.,Active,A ,10.00,INE752H01013,Other Financial Services,Equity
535431,GCMSECU,GCM Securities Ltd,Active,M ,1.00,INE168O01026,Other Financial Services,Equity
535486,DELTALTD,DELTA LEASING &amp; FINANCE LTD.,Active,XD,10.00,INE874N01013,Other Financial Services,Equity
535916,ALSL,Alacrity Securities Ltd,Active,M ,10.00,INE030P01017,Other Financial Services,Equity
535917,GCMCOMM,GCM Commodity &amp; Derivatives Ltd,Active,M ,10.00,INE200P01016,Other Financial Services,Equity
536738,STELLAR,Stellar Capital Services Ltd,Active,M ,10.00,INE325P01011,Other Financial Services,Equity
536751,FIVEX,Five X Finance &amp; Investment Ltd,Active,XD,10.00,INE750L01019,Other Financial Services,Equity
536773,JPOLYINVST,Jindal Poly Investment and Finance Company Ltd,Active,B ,10.00,INE147P01019,Other Financial Services,Equity
537068,SATYA,Satya Miners &amp; Transporters Ltd,Active,XD,10.00,INE394F01018,Other Financial Services,Equity
537092,MODEX,Modex International Securities Ltd,Active,XD,10.00,INE072D01015,Other Financial Services,Equity
538319,GCMCAPI,GCM Capital Advisors Ltd,Active,M ,10.00,INE191P01017,Other Financial Services,Equity
538395,NAM,Nam Securities Ltd,Active,XD,10.00,INE792G01011,Other Financial Services,Equity
538423,ALPSMOTOR,Alps Motor Finance Ltd,Active,XT,1.00,INE729P01022,Other Financial Services,Equity
538433,CCFCL,Classic Global Finance &amp; Capital Ltd,Active,XD,1.00,INE854P01028,Other Financial Services,Equity
538446,DHANUKACOM,Dhanuka Commercial Ltd,Active,M ,10.00,INE296Q01012,Other Financial Services,Equity
538570,ACHAL,Achal Investments Ltd,Active,XD,1.00,INE860P01025,Other Financial Services,Equity
538607,OJASASSET,Ojas Asset Reconstruction Company Ltd,Active,XC,1.00,INE457P01020,Other Financial Services,Equity
538609,GAJANANSEC,Gajanan Securities Services Ltd,Active,XT,10.00,INE868G01019,Other Financial Services,Equity
538611,RTFL,Real Touch Finance Ltd,Active,XT,10.00,INE840I01014,Other Financial Services,Equity
538646,PARNAMI,Parnami Credits Ltd,Active,XT,10.00,INE837C01013,Other Financial Services,Equity
538716,ARYACAPM,Aryaman Capital Markets Ltd,Active,M ,10.00,INE229R01011,Other Financial Services,Equity
538862,MYMONEY,My Money Securities Ltd,Active,XT,10.00,INE232L01018,Other Financial Services,Equity
538874,NEXUSCOMMO,Nexus Commodities And Technologies Ltd,Active,XT,10.00,INE370Q01015,Other Financial Services,Equity
538882,EMERALD,Emerald Leasing Finance &amp; Investment Company Ltd,Active,XD,10.00,INE030Q01015,Other Financial Services,Equity
538894,OCTAL,Octal Credit Capital Ltd,Active,XT,10.00,INE513C01010,Other Financial Services,Equity
539198,CAPFIN,Capfin India Ltd,Active,XT,10.00,INE960C01013,Other Financial Services,Equity
539199,MOONGIPASEC,Moongipa Securities Ltd,Active,XT,10.00,INE618R01015,Other Financial Services,Equity
539278,SYMBIOX,Symbiox Investment &amp; Trading Company Ltd,Active,XT,10.00,INE653R01012,Other Financial Services,Equity
539407,WELPLACE,Welplace Portfolio and Financial Consultancy Services Ltd,Active,XD,10.00,INE854S01014,Other Financial Services,Equity
539435,RFSL,Richfield Financial Services Ltd,Active,XD,10.00,INE201C01012,Other Financial Services,Equity
539521,NAVIGANT,Navigant Corporate Advisors Ltd,Active,M ,10.00,INE364T01012,Other Financial Services,Equity
539562,KAYEL,Kayel Securities Ltd,Active,XT,10.00,INE750R01016,Other Financial Services,Equity
539593,SHIVA,Shivansh Finserve Ltd,Active,XT,10.00,INE728Q01014,Other Financial Services,Equity
539596,DELTA,Delta Industrial Resources Ltd,Active,XD,10.00,INE681Q01015,Other Financial Services,Equity
539637,BVL,Blueblood Ventures Ltd,Active,M ,10.00,INE562S01013,Other Financial Services,Equity
555555,iSensex,ICICI Prudential SPIcE Fund,Active,B ,10.00,INF346A01034,Other Financial Services,Equity
590082,LOHIASEC,LOHIA SECURITIES LTD.,Active,XT,10.00,INE803B01017,Other Financial Services,Equity
590103,NIFTYBEES,Goldman Sachs Nifty Exchange Traded Scheme,Active,B ,10.00,INF732E01011,Other Financial Services,Equity
590104,JUNIORBEES,Goldman Sachs Nifty Junior Exchange Traded Scheme,Active,B ,1.25,INF732E01045,Other Financial Services,Equity
590106,BANKBEES,Goldman Sachs Banking Index Exchange Traded Scheme,Active,B ,10.00,INF732E01078,Other Financial Services,Equity
590107,KOTAKPSUBK,KOTAK MAHINDRA MUTUAL FUND - KOTAK PSU BANK ETF,Active,B ,10.00,INF373I01023,Other Financial Services,Equity
590108,PSUBNKBEES,Goldman Sachs PSU Bank Exchange Traded Scheme,Active,B ,10.00,INF732E01110,Other Financial Services,Equity
590109,SHARIABEES,Goldman Sachs S&amp;P CNX Nifty Shariah Index Exchange Traded Scheme,Active,B ,10.00,INF732E01128,Other Financial Services,Equity
590110,QNIFTY,QUANTUM MUTUAL FUND - QUANTUM INDEX FUND ETF,Active,B ,10.00,INF082J01028,Other Financial Services,Equity
590115,M50,MOTILAL OSWAL MUTUAL FUND,Active,B ,7.00,INF247L01536,Other Financial Services,Equity
