Security Code,Security Id,Security Name,Status,Group,Face Value,ISIN No,Industry,Instrument
500013,ANSALAPI,ANSAL PROPERTIES &amp; INFRASTRUCTURE LTD.,Active,B ,5.00,INE436A01026,Realty,Equity
500256,LOKHSG,LOK HOUSING &amp; CONSTRUCTIONS LTD.-$,Active,XD,10.00,INE367C01011,Realty,Equity
502216,BOMBPOT,BOMBAY POTTERIES &amp; TILES LTD.,Active,P ,100.00,NA          ,Realty,Equity
502445,CITADEL,CITADEL REALTY AND DEVELOPERS LTD.,Active,XD,10.00,INE906D01014,Realty,Equity
503031,PENINLAND,PENINSULA LAND LTD.,Active,B ,2.00,INE138A01028,Realty,Equity
503100,PHOENIXLTD,The Phoenix Mills Ltd,Active,B ,2.00,INE211B01039,Realty,Equity
503101,MARATHON,MARATHON NEXTGEN REALTY LTD.,Active,XC,10.00,INE182D01012,Realty,Equity
503205,SHREERAM,SHREE RAM URBAN INFRASTRUCTURE LTD.,Active,XC,10.00,INE164H01011,Realty,Equity
503229,SIMPLXREA,SIMPLEX REALTY LTD.,Active,XD,10.00,INE167H01014,Realty,Equity
503310,SWANENERGY,SWAN ENERGY LTD.,Active,B ,1.00,INE665A01038,Realty,Equity
505583,WWTECHHOL,W W TECHNOLOGY HOLDINGS LTD.,Active,XT,10.00,INE972M01017,Realty,Equity
506194,ASL,Arihant Superstructures Limited,Active,XD,10.00,INE643K01018,Realty,Equity
506720,ZANDUREALT,Zandu Realty Limited,Active,B ,100.00,INE719A01017,Realty,Equity
506971,BBREALTY,B&amp;B Realty Limited,Active,XD,10.00,INE314E01019,Realty,Equity
507828,ANSALHSG,ANSAL HOUSING &amp; CONSTRUCTION LTD.-$,Active,B ,10.00,INE880B01015,Realty,Equity
507878,UNITECH,UNITECH LTD.,Active,A ,2.00,INE694A01020,Realty,Equity
507886,DHRUVES,DHRUV ESTATES LTD.,Active,XT,10.00,INE780E01011,Realty,Equity
507917,EASTBUILD,EAST BUILDTECH LTD.,Active,P ,10.00,INE706N01017,Realty,Equity
508929,JOYREALTY,Joy Realty Limited,Active,XT,10.00,INE433O01024,Realty,Equity
508993,KEDIACN,KEDIA CONSTRUCTION CO.LTD.,Active,XT,10.00,INE511J01019,Realty,Equity
508996,SATRAPROP,SATRA PROPERTIES (INDIA) LTD.,Active,XD,2.00,INE086E01021,Realty,Equity
509048,LANCORHOL,LANCOR HOLDINGS LTD.,Active,XC,2.00,INE572G01025,Realty,Equity
509845,RJSHAH,R.J.SHAH &amp; CO.LTD.,Active,P ,10.00,NA          ,Realty,Equity
509870,SHAHCON,SHAH CONSTRUCTION CO.LTD.,Active,P ,100.00,NA          ,Realty,Equity
511096,TVOLCON,TIVOLI CONSTRUCTION LTD.,Active,P ,10.00,NA          ,Realty,Equity
511131,KAMANWALA,KAMANWALA HOUSING CONSTRUCTION LTD.,Active,XD,10.00,INE344D01018,Realty,Equity
511176,PARSHWANA,PARSHWANATH CORPORATION LTD.,Active,XT,10.00,INE635I01018,Realty,Equity
511714,NIMBSPROJ,NIMBUS PROJECTS LTD.,Active,XD,10.00,INE875B01015,Realty,Equity
511726,VIPUL,VIPUL LTD.,Active,B ,1.00,INE946H01037,Realty,Equity
512048,LUHARUKA,Luharuka Media &amp; Infra Ltd,Active,XD,1.00,INE195E01020,Realty,Equity
512179,SUNTECK,SUNTECK REALTY LTD.,Active,B ,2.00,INE805D01026,Realty,Equity
512479,GYTRIPA,GAYATRI TISSUE &amp; PAPERS LTD.,Active,XT,10.00,INE661K01010,Realty,Equity
512535,ASAHINFRA,ASAHI INFRASTRUCTURE &amp; PROJECTS LTD.,Active,XT,10.00,INE933C01036,Realty,Equity
513173,STLSTRINF,STEEL STRIPS INFRASTRUCTURES LTD.,Active,XD,10.00,INE205F01016,Realty,Equity
513349,AJMERA,AJMERA REALTY &amp; INFRA INDIA LTD.,Active,B ,10.00,INE298G01027,Realty,Equity
514332,NEOINFRA,NEO INFRACON LTD.,Active,XD,10.00,INE216I01017,Realty,Equity
515055,ANANTRAJ,Anant Raj Limited-$,Active,B ,2.00,INE242C01024,Realty,Equity
517556,PVP,PVP VENTURES LTD.,Active,B ,10.00,INE362A01016,Realty,Equity
521149,PRIMEURB,PRIME URBAN DEVELOPMENT INDIA LTD.,Active,XD,2.00,INE419E01024,Realty,Equity
523007,ANSALBU,ANSAL BUILDWELL LTD.-$,Active,XD,10.00,INE030C01015,Realty,Equity
523329,ELDEHSG,ELDECO HOUSING &amp; INDUSTRIES LTD.,Active,XD,10.00,INE668G01013,Realty,Equity
523566,MARBU,MARTIN BURN LTD.,Active,XD,10.00,INE199D01016,Realty,Equity
523628,PODDAR,Poddar Housing and Development Ltd,Active,XC,10.00,INE888B01018,Realty,Equity
523716,ASHIANA,ASHIANA HOUSING LTD.-$,Active,B ,2.00,INE365D01021,Realty,Equity
523724,VIJSHAN,VIJAY SHANTHI BUILDERS LTD.,Active,B ,10.00,INE806F01011,Realty,Equity
523890,DSKULKARNI,D.S.KULKARNI DEVELOPERS LTD.,Active,B ,10.00,INE891A01014,Realty,Equity
524642,SIKOZY,Sikozy Realtors Limited,Active,Z ,1.00,INE528E01022,Realty,Equity
526367,GANESHHOUC,GANESH HOUSING CORPORATION LTD.-$,Active,B ,10.00,INE460C01014,Realty,Equity
526519,ALPINEHOU,ALPINE HOUSING DEVELOPMENT CORPORATION LTD.,Active,XT,10.00,INE840D01015,Realty,Equity
526594,BNANJEN,B.NANJI ENTERPRISES LTD.,Active,XT,10.00,INE735G01010,Realty,Equity
526654,THAKDEV,THAKKERS DEVELOPERS LTD.,Active,XD,10.00,INE403F01017,Realty,Equity
526823,RAJINFRA,Rajeswari Infrastructure Limited,Active,XD,10.00,INE016C01014,Realty,Equity
526917,CHDDLTD,CHD DEVELOPERS LTD.-$,Active,XC,2.00,INE659B01021,Realty,Equity
530053,RREALTY,REAL REALTY MANAGEMENT COMPANY LTD.,Active,XD,10.00,INE055E01026,Realty,Equity
530141,GYANDEV,GYAN DEVELOPERS &amp; BUILDERS LTD.,Active,XD,10.00,INE487G01018,Realty,Equity
530215,KINGSINFR,Kings Infra Ventures Limited,Active,XT,10.00,INE050N01010,Realty,Equity
530377,NILA,NILA INFRASTRUCTURES LTD.,Active,B ,1.00,INE937C01029,Realty,Equity
530543,MARG,MARG LTD.,Active,XD,10.00,INE941E01019,Realty,Equity
530695,PRIMEPRO,PRIME PROPERTY DEVELOPMENT CORPORATION LTD.-$,Active,XD,5.00,INE233C01023,Realty,Equity
530807,REGALIAA,REGALIAA REALTY LTD.,Active,XD,10.00,INE098H01011,Realty,Equity
530821,SSPDL,SSPDL LTD.-$,Active,XD,10.00,INE838C01011,Realty,Equity
531080,SHRIKRISH,SHRI KRISHNA DEVCON LTD.,Active,XD,10.00,INE997I01012,Realty,Equity
531273,RADHEDE,RADHE DEVELOPERS (INDIA) LTD.,Active,XD,10.00,INE986B01036,Realty,Equity
531381,ARIHANT,ARIHANT FOUNDATIONS &amp; HOUSING LTD.-$,Active,B ,10.00,INE413D01011,Realty,Equity
531416,NARPROP,NARENDRA PROPERTIES LTD.,Active,XD,10.00,INE603F01012,Realty,Equity
531479,GLOBAL,GLOBAL LAND MASTERS CORPORATION LTD.,Active,XT,10.00,INE330B01011,Realty,Equity
531494,NAVBLDR,NAVKAR BUILDERS LTD.,Active,XD,10.00,INE268H01010,Realty,Equity
531552,RAGHUTOB,RAGHUNATH TOBACCO CO.LTD.,Active,XT,10.00,INE754B01012,Realty,Equity
531565,INDOPACIFIC,Indo Pacific Projects Ltd,Active,XD,1.00,INE077C01024,Realty,Equity
531574,VASINFRA,VAS INFRASTRUCTURE LTD.,Active,XD,10.00,INE192C01013,Realty,Equity
531578,KMFBLDR,KMF BUILDERS &amp; DEVELOPERS LTD.,Active,XD,5.00,INE580H01026,Realty,Equity
531624,COUNCODOS,COUNTRY CONDO'S LTD.,Active,B ,1.00,INE695B01025,Realty,Equity
531640,SICL,Suvidha Infraestate Corporation Limited,Active,P ,10.00,NA          ,Realty,Equity
531674,INDOASIAP,INDO-ASIAN PROJECTS LTD.,Active,Z ,10.00,INE559F01016,Realty,Equity
531694,RAINBOWF,RAINBOW FOUNDATIONS LTD.,Active,XD,10.00,INE230F01014,Realty,Equity
531703,TRIBHSG,TRIBHUVAN HOUSING LTD.,Active,XD,1.00,INE884D01039,Realty,Equity
531746,PRAENG,PRAJAY ENGINEERS SYNDICATE LTD.,Active,B ,10.00,INE505C01016,Realty,Equity
531802,PRERINFRA,PRERNA INFRABUILD LTD.,Active,XD,10.00,INE426H01014,Realty,Equity
531814,TIRSARJ,TIRUPATI SARJAN LTD.,Active,XD,5.00,INE297J01023,Realty,Equity
531822,RODIUM,Rodium Realty Limited,Active,XD,10.00,INE513E01024,Realty,Equity
531909,SWAGRUHA,SWAGRUHA INFRASTRUCTURE LTD.,Active,XT,1.00,INE587J01027,Realty,Equity
531968,IITLPROJ,IITL PROJECTS LIMITED,Active,XT,10.00,INE786E01018,Realty,Equity
532016,WELLESLEY,WELLESLEY CORPORATION LTD.,Active,XT,10.00,INE176O01011,Realty,Equity
532114,AREALTY,ALCHEMIST REALTY LTD.,Active,XD,2.00,INE646D01024,Realty,Equity
532123,BSELINFRA,BSEL INFRASTRUCTURE REALTY LTD.,Active,B ,10.00,INE395A01016,Realty,Equity
532313,MAHLIFE,MAHINDRA LIFESPACE DEVELOPERS LTD.,Active,B ,10.00,INE813A01018,Realty,Equity
532334,HBESD,HB ESTATE DEVELOPERS LTD.,Active,XD,10.00,INE640B01013,Realty,Equity
532435,SANINFRA,Sanmit Infra Limited,Active,XD,10.00,INE799C01015,Realty,Equity
532719,BLKASHYAP,B.L.KASHYAP AND SONS LTD.,Active,B ,1.00,INE350H01032,Realty,Equity
532723,MONNETPRO,MONNET PROJECT DEVELOPERS LTD.,Active,XD,10.00,INE493H01014,Realty,Equity
532780,PARSVNATH,PARSVNATH DEVELOPERS LTD.,Active,B ,5.00,INE561H01026,Realty,Equity
532784,SOBHA,Sobha Limited,Active,A ,10.00,INE671H01015,Realty,Equity
532799,HUBTOWN,HUBTOWN LTD.,Active,B ,10.00,INE703H01016,Realty,Equity
532811,AHLUCONT,AHLUWALIA CONTRACTS (INDIA) LTD.,Active,B ,2.00,INE758C01029,Realty,Equity
532832,IBREALEST,INDIABULLS REAL ESTATE LTD.,Active,A ,2.00,INE069I01010,Realty,Equity
532837,ORBITCORP,ORBIT CORPORATION LTD.,Active,B ,10.00,INE628H01015,Realty,Equity
532868,DLF,DLF LTD.,Active,A ,2.00,INE271C01023,Realty,Equity
532873,HDIL,HOUSING DEVELOPMENT &amp; INFRASTRUCTURE LTD.,Active,A ,10.00,INE191I01012,Realty,Equity
532880,OMAXE,OMAXE LTD.,Active,B ,10.00,INE800H01010,Realty,Equity
532891,PURVA,PURAVANKARA PROJECTS LTD.,Active,B ,5.00,INE323I01011,Realty,Equity
532902,CCCL,CONSOLIDATED CONSTRUCTION CONSORTIUM LTD.,Active,B ,2.00,INE429I01024,Realty,Equity
532911,PARLESOFT,PARLE SOFTWARE LTD.,Active,XT,10.00,INE272G01014,Realty,Equity
532924,KOLTEPATIL,KOLTE-PATIL DEVELOPERS LTD.,Active,B ,10.00,INE094I01018,Realty,Equity
532929,BRIGADE,BRIGADE ENTERPRISES LTD.,Active,B ,10.00,INE791I01019,Realty,Equity
532991,MVL,MVL LTD.,Active,B ,1.00,INE744I01034,Realty,Equity
533012,LPDC,LANDMARK PROPERTY DEVELOPMENT COMPANY LTD.,Active,B ,1.00,INE197J01017,Realty,Equity
533078,MANJEERA,MANJEERA CONSTRUCTIONS LTD.,Active,XD,10.00,INE320D01018,Realty,Equity
533100,PEIL,PREMIER ENERGY AND INFRASTRUCTURE LTD.,Active,Z ,10.00,INE429K01012,Realty,Equity
533150,GODREJPROP,Godrej Properties Ltd,Active,A ,5.00,INE484J01027,Realty,Equity
533156,VASCONEQ,Vascon Engineers Ltd,Active,B ,10.00,INE893I01013,Realty,Equity
533160,DBREALTY,D B Realty Ltd,Active,B ,10.00,INE879I01012,Realty,Equity
533202,NITESHEST,Nitesh Estates Ltd,Active,B ,10.00,INE639K01016,Realty,Equity
533218,EMAMIINFRA,EMAMI INFRASTRUCTURE LTD.,Active,B ,2.00,INE778K01012,Realty,Equity
533273,OBEROIRLTY,OBEROI REALTY LTD.,Active,A ,10.00,INE093I01010,Realty,Equity
533274,PRESTIGE,PRESTIGE ESTATES PROJECTS LTD.,Active,A ,10.00,INE811K01011,Realty,Equity
533285,RDBRIL,RDB REALTY &amp; INFRASTRUCTURE LTD.,Active,XD,10.00,INE245L01010,Realty,Equity
533305,SRSREAL,SRS REAL INFRASTRUCTURE LTD.,Active,XC,1.00,INE953I01023,Realty,Equity
533393,TCIDEVELOP,TCI DEVELOPERS LTD.,Active,B ,10.00,INE662L01016,Realty,Equity
534309,NBCC,NATIONAL BUILDINGS CONSTRUCTION CORPORATION LTD.,Active,B ,10.00,INE095N01015,Realty,Equity
534338,MAXHEIGHTS,MAXHEIGHTS INFRASTRUCTURE LTD.,Active,XD,10.00,INE393F01010,Realty,Equity
534675,PROZONINTU,Prozone Intu Properties Limited,Active,B ,2.00,INE195N01013,Realty,Equity
535141,SRDL,SUNSTAR REALTY DEVELOPMENT LTD.,Active,M ,1.00,INE338O01025,Realty,Equity
535466,SRL,SAMRUDDHI REALTY LTD.,Active,M ,10.00,INE621O01016,Realty,Equity
535621,SVGLOBAL,S V GLOBAL MILL LTD.,Active,XC,5.00,INE159L01013,Realty,Equity
537582,UNISHIRE,Unishire Urban Infra Ltd,Active,M ,10.00,INE210P01015,Realty,Equity
537707,ETT,ETT Ltd,Active,XD,10.00,INE546I01017,Realty,Equity
538576,BHANDERI,Bhanderi Infracon Ltd,Active,M ,10.00,INE336Q01016,Realty,Equity
538596,QUANTBUILD,Quantum Build-Tech Ltd,Active,XD,10.00,INE222B01028,Realty,Equity
538770,CRANEINFRA,Crane Infrastructure Ltd,Active,XT,10.00,INE176L01017,Realty,Equity
538794,JETINFRA,Jet Infraventure Ltd,Active,M ,10.00,INE155R01018,Realty,Equity
538919,SKILVEN,Skyline Ventures India Ltd,Active,XD,10.00,INE055Q01012,Realty,Equity
538970,MANVIJAY,Manvijay Development Company Ltd,Active,XD,10.00,INE945P01016,Realty,Equity
538993,PUROHITCON,Purohit Construction Ltd,Active,XT,10.00,INE147J01012,Realty,Equity
539042,AGIIL,AGI Infra Ltd,Active,M ,10.00,INE976R01017,Realty,Equity
539099,ATHCON,Athena Constructions Ltd,Active,M ,10.00,INE291R01011,Realty,Equity
539189,ADHBHUTIN,Adhbhut Infrastructure Ltd,Active,XT,10.00,INE578L01014,Realty,Equity
539301,ARVINFRA,Arvind Infrastructure Ltd,Active,B ,10.00,INE034S01021,Realty,Equity
539363,SKC,Sri Krishna Constructions (India) Ltd,Active,M ,10.00,INE094T01015,Realty,Equity
590132,JAYMAHESH,JAY MAHESH INFRAVENTURES LTD.,Active,XT,10.00,INE984L01014,Realty,Equity
