Security Code,Security Id,Security Name,Status,Group,Face Value,ISIN No,Industry,Instrument
505533,WESTLIFE,WESTLIFE DEVELOPMENT LTD.,Active,B ,2.00,INE274F01020,Restaurants,Equity
533155,JUBLFOOD,Jubilant FoodWorks Ltd,Active,A ,10.00,INE797F01012,Restaurants,Equity
534425,SPECIALITY,SPECIALITY RESTAURANTS LTD.,Active,B ,10.00,INE247M01014,Restaurants,Equity
539273,PECOS,Pecos Hotels and Pubs Ltd,Active,M ,10.00,INE484S01010,Restaurants,Equity
539403,CBCSL,Cawasji Behramji Catering Services Ltd,Active,M ,10.00,INE800S01017,Restaurants,Equity
539436,COFFEEDAY,Coffee Day Enterprises Ltd,Active,B ,10.00,INE335K01011,Restaurants,Equity
539659,VIDLI,Vidli Restaurants Ltd,Active,M ,10.00,INE564S01019,Restaurants,Equity
