Security Code,Security Id,Security Name,Status,Group,Face Value,ISIN No,Industry,Instrument
500042,BASF,BASF INDIA LTD.,Active,B ,10.00,INE373A01013,Specialty Chemicals,Equity
500052,BEPL,BHANSALI ENGINEERING POLYMERS LTD.-$,Active,B ,1.00,INE922A01025,Specialty Chemicals,Equity
500089,DICIND,DIC INDIA LTD.,Active,B ,10.00,INE303A01010,Specialty Chemicals,Equity
500331,PIDILITIND,PIDILITE INDUSTRIES LTD.,Active,A ,1.00,INE318A01026,Specialty Chemicals,Equity
500650,EXCELINDUS,EXCEL INDUSTRIES LTD.,Active,B ,5.00,INE369A01029,Specialty Chemicals,Equity
500730,NOCIL,NOCIL LTD.,Active,B ,10.00,INE163A01018,Specialty Chemicals,Equity
504092,INDOKEM,INDOKEM LTD.,Active,XT,10.00,INE716F01012,Specialty Chemicals,Equity
506222,INEOSSTYRO,INEOS Styrolution India Ltd,Active,B ,10.00,INE189B01011,Specialty Chemicals,Equity
506390,CLNINDIA,CLARIANT CHEMICALS (INDIA) LTD.,Active,B ,10.00,INE492A01029,Specialty Chemicals,Equity
506405,DHARAMSI,DHARAMSI MORARJI CHEMICAL CO.LTD.,Active,XC,10.00,INE505A01010,Specialty Chemicals,Equity
506528,KELENRG,KELTECH ENERGIES LTD.,Active,XD,10.00,INE881E01017,Specialty Chemicals,Equity
506532,NITTAGELA,NITTA GELATIN INDIA LTD.-$,Active,XC,10.00,INE265B01019,Specialty Chemicals,Equity
506597,AMAL,AMAL LTD.,Active,XD,10.00,INE841D01013,Specialty Chemicals,Equity
506655,SUDARSCHEM,SUDARSHAN CHEMICAL INDUSTRIES LTD.,Active,B ,2.00,INE659A01023,Specialty Chemicals,Equity
506685,ULTRAMAR,ULTRAMARINE &amp; PIGMENTS LTD.-$,Active,XC,2.00,INE405A01021,Specialty Chemicals,Equity
506767,ALKYLAMINE,ALKYL AMINES CHEMICALS LTD.-$,Active,B ,5.00,INE150B01021,Specialty Chemicals,Equity
506910,JAYSYN,JAYSYNTH DYESTUFF (INDIA) LTD.,Active,XD,1.00,INE703C01025,Specialty Chemicals,Equity
506991,NOBLEXP,NOBLE EXPLOCHEM LTD.-$,Active,XD,10.00,INE875D01011,Specialty Chemicals,Equity
507515,CJGEL,C.J.GELATINE PRODUCTS LTD.,Active,XT,10.00,INE557D01015,Specialty Chemicals,Equity
507645,POLSON,POLSON LTD.,Active,XT,50.00,INE339F01021,Specialty Chemicals,Equity
509597,HARDCAS,HARDCASTLE &amp; WAUD MFG.CO.LTD.,Active,XD,10.00,INE722D01015,Specialty Chemicals,Equity
513121,ORICON,ORICON ENTERPRISES LTD.-$,Active,B ,2.00,INE730A01022,Specialty Chemicals,Equity
513353,COCHINM,COCHIN MINERALS &amp; RUTILE LTD.-$,Active,XD,10.00,INE105D01013,Specialty Chemicals,Equity
514183,BLACKROSE,BLACK ROSE INDUSTRIES LTD.,Active,XC,1.00,INE761G01016,Specialty Chemicals,Equity
514448,JYOTIRES,JYOTI RESINS &amp; ADHESIVES LTD.,Active,XD,10.00,INE577D01013,Specialty Chemicals,Equity
519307,VIKASWSP,VIKAS WSP LTD.,Active,XC,1.00,INE706A01022,Specialty Chemicals,Equity
523351,STDSHOE,STANDARD SHOE SOLE AND MOULD (INDIA) LTD.,Active,P ,10.00,INE888N01013,Specialty Chemicals,Equity
523586,INDTONER,INDIAN TONERS &amp; DEVELOPERS LTD.-$,Active,XD,10.00,INE826B01018,Specialty Chemicals,Equity
523648,PLASTIBLEN,PLASTIBLENDS INDIA LTD.-$,Active,B ,5.00,INE083C01022,Specialty Chemicals,Equity
524200,VINATIORGA,VINATI ORGANICS LTD.-$,Active,B ,2.00,INE410B01029,Specialty Chemicals,Equity
524324,SEYAIND,SEYA INDUSTRIES LTD.,Active,P ,10.00,INE573R01012,Specialty Chemicals,Equity
524330,JAYAGROGN,JAYANT AGRO-ORGANICS LTD.,Active,B ,5.00,INE785A01026,Specialty Chemicals,Equity
524458,INDOEURO,INDO EURO INDCHEM LTD.,Active,XT,10.00,INE319N01019,Specialty Chemicals,Equity
524570,PODARPIGQ,PODDAR PIGMENTS LTD.-$,Active,XC,10.00,INE371C01013,Specialty Chemicals,Equity
524592,JDORGOCHEM,JD ORGOCHEM LTD.,Active,XD,1.00,INE263B01022,Specialty Chemicals,Equity
524598,AKSCHEM,AKSHARCHEM (INDIA) LTD.-$,Active,XC,10.00,INE542B01011,Specialty Chemicals,Equity
524610,RATHIGRA,RATHI GRAPHIC TECHNOLOGIES LTD.,Active,XD,10.00,INE886C01010,Specialty Chemicals,Equity
524717,TITANBIO,TITAN BIOTECH LTD.,Active,XT,10.00,INE150C01011,Specialty Chemicals,Equity
524818,DYNAMIND,DYNAMIC INDUSTRIES LTD.-$,Active,XD,10.00,INE457C01010,Specialty Chemicals,Equity
526247,PREMEXPLQ,PREMIER EXPLOSIVES LTD.,Active,XC,10.00,INE863B01011,Specialty Chemicals,Equity
526739,SHAWGELTIN,NARMADA GELATINES LTD.,Active,XD,10.00,INE869A01010,Specialty Chemicals,Equity
526821,DAICHI,DAI-ICHI KARKARIA LTD.-$,Active,XC,10.00,INE928C01010,Specialty Chemicals,Equity
530117,ADIFINCHM,ADI FINECHEM LTD.,Active,B ,10.00,INE959A01019,Specialty Chemicals,Equity
530191,CHROMATIC,CHROMATIC INDIA LTD.,Active,B ,10.00,INE662C01015,Specialty Chemicals,Equity
530197,BAGADIA,BAGADIA COLOURCHEM LTD.,Active,XT,10.00,INE365H01014,Specialty Chemicals,Equity
530475,TINNARUBR,Tinna Rubber and Infrastructure Limited,Active,XD,10.00,INE015C01016,Specialty Chemicals,Equity
530825,DAIKAFFI,DAIKAFFIL CHEMICALS INDIA LTD.,Active,XD,10.00,INE789B01018,Specialty Chemicals,Equity
530871,CHEMBOND,CHEMBOND CHEMICALS LTD.-$,Active,XC,10.00,INE995D01017,Specialty Chemicals,Equity
530961,VIKASECO,Vikas EcoTech Ltd,Active,B ,1.00,INE806A01020,Specialty Chemicals,Equity
531109,ISHANCH,ISHAN DYES &amp; CHEMICALS LTD.,Active,XD,10.00,INE561M01018,Specialty Chemicals,Equity
531157,ORGCOAT,ORGANIC COATINGS LTD.,Active,XD,10.00,INE412E01011,Specialty Chemicals,Equity
531253,INDGELA,INDIA GELATINE &amp; CHEMICALS LTD.-$,Active,XD,10.00,INE342D01012,Specialty Chemicals,Equity
531257,PRATIKSH,PRATIKSHA CHEMICALS LTD.,Active,XT,10.00,INE530D01012,Specialty Chemicals,Equity
531592,ADIRASA,ADI RASAYAN LTD.,Active,XD,10.00,INE861N01010,Specialty Chemicals,Equity
531717,VIDHIDYE,VIDHI DYESTUFFS MANUFACTURING LTD.-$,Active,B ,1.00,INE632C01026,Specialty Chemicals,Equity
532707,DYNPRO,DYNEMIC PRODUCTS LTD.,Active,XD,10.00,INE256H01015,Specialty Chemicals,Equity
532725,SOLARINDS,SOLAR INDUSTRIES INDIA LTD.,Active,B ,10.00,INE343H01011,Specialty Chemicals,Equity
532834,CAMLINFIN,CAMLIN FINE SCIENCES LTD.,Active,B ,1.00,INE052I01032,Specialty Chemicals,Equity
532853,ASAHISONG,ASAHI SONGWON COLORS LTD.,Active,B ,10.00,INE228I01012,Specialty Chemicals,Equity
532865,MEGH,MEGHMANI ORGANICS LTD.,Active,B ,1.00,INE974H01013,Specialty Chemicals,Equity
532910,ANILLTD,ANIL LTD.,Active,XC,10.00,INE125E01019,Specialty Chemicals,Equity
532967,KIRIINDUS,KIRI INDUSTRIES LTD.,Active,B ,10.00,INE415I01015,Specialty Chemicals,Equity
533029,ALKALI,ALKALI METALS LTD.,Active,B ,10.00,INE773I01017,Specialty Chemicals,Equity
533258,TIRUPATIINK,TIRUPATI INKS LTD.,Active,XD,10.00,INE493K01018,Specialty Chemicals,Equity
533317,OMKARCHEM,OMKAR SPECIALITY CHEMICALS LTD.,Active,B ,10.00,INE474L01016,Specialty Chemicals,Equity
533333,FCL,FINEOTEX CHEMICAL LTD.,Active,B ,2.00,INE045J01026,Specialty Chemicals,Equity
539230,CHEMIESYNT,Chemiesynth (Vapi) Ltd,Active,XT,10.00,INE829R01018,Specialty Chemicals,Equity
539288,AVI,AVI Polymers Ltd,Active,XT,10.00,INE897N01014,Specialty Chemicals,Equity
539334,SHREEPUSHK,Shree Pushkar Chemicals &amp; Fertilisers Ltd,Active,B ,10.00,INE712K01011,Specialty Chemicals,Equity
590090,SWAGRO,Swarnajyothi Agrotech &amp; Power Limited-$,Active,XT,10.00,INE846A01026,Specialty Chemicals,Equity
