Security Code,Security Id,Security Name,Status,Group,Face Value,ISIN No,Industry,Instrument
500055,BHUSANSTL,BHUSHAN STEEL LTD.,Active,A ,2.00,INE824B01021,Iron &amp; Steel/Interm.Products,Equity
500058,BIHSPONG,BIHAR SPONGE IRON LTD.,Active,XT,10.00,INE819C01011,Iron &amp; Steel/Interm.Products,Equity
500113,SAIL,STEEL AUTHORITY OF INDIA LTD.,Active,A ,10.00,INE114A01011,Iron &amp; Steel/Interm.Products,Equity
500141,FERROALL,FERRO ALLOYS CORPORATION LTD.,Active,XD,1.00,INE912A01026,Iron &amp; Steel/Interm.Products,Equity
500228,JSWSTEEL,JSW STEEL LTD.,Active,A ,10.00,INE019A01020,Iron &amp; Steel/Interm.Products,Equity
500235,KSL,KALYANI STEELS LTD.,Active,B ,5.00,INE907A01026,Iron &amp; Steel/Interm.Products,Equity
500245,KIRLFER,KIRLOSKAR FERROUS INDUSTRIES LTD.,Active,XC,5.00,INE884B01025,Iron &amp; Steel/Interm.Products,Equity
500295,VEDL,Vedanta Limited,Active,A ,1.00,INE205A01025,Iron &amp; Steel/Interm.Products,Equity
500365,RMGALLOY,RMG Alloy Steel Limited,Active,XD,6.00,INE731F01037,Iron &amp; Steel/Interm.Products,Equity
500399,STEELCO,STEELCO GUJARAT LTD.,Active,XD,10.00,INE629B01024,Iron &amp; Steel/Interm.Products,Equity
500404,SUNFLAG,SUNFLAG IRON &amp; STEEL CO.LTD.,Active,B ,10.00,INE947A01014,Iron &amp; Steel/Interm.Products,Equity
500460,MUKANDLTD,MUKAND LTD.,Active,B ,10.00,INE304A01026,Iron &amp; Steel/Interm.Products,Equity
500470,TATASTEEL,TATA STEEL LTD.,Active,A ,10.00,INE081A01012,Iron &amp; Steel/Interm.Products,Equity
504614,SARDAEN,SARDA ENERGY &amp; MINERALS LTD.-$,Active,B ,10.00,INE385C01013,Iron &amp; Steel/Interm.Products,Equity
504629,ANILSPL,ANIL SPECIAL STEEL INDUSTRIES LTD.-$,Active,XT,10.00,INE904B01013,Iron &amp; Steel/Interm.Products,Equity
504671,CHASBRT,CHASE BRIGHT STEEL LTD.,Active,P ,10.00,NA          ,Iron &amp; Steel/Interm.Products,Equity
504701,GONTER,GONTERMANN-PEIPERS (INDIA) LTD.,Active,XD,10.00,INE530A01026,Iron &amp; Steel/Interm.Products,Equity
504731,IBRIGST,INDIAN BRIGHT STEEL CO.LTD.,Active,XT,10.00,INE566M01017,Iron &amp; Steel/Interm.Products,Equity
504903,RATHIST,RATHI STEEL &amp; POWER LTD.-$,Active,XD,10.00,INE336C01016,Iron &amp; Steel/Interm.Products,Equity
504961,TATAYODOGA,TAYO ROLLS LTD.-$,Active,XD,10.00,INE895C01011,Iron &amp; Steel/Interm.Products,Equity
506022,PRAKASH,PRAKASH INDUSTRIES LTD.,Active,B ,10.00,INE603A01013,Iron &amp; Steel/Interm.Products,Equity
511672,SCANSTL,Scan Steels Limited,Active,XC,10.00,INE099G01011,Iron &amp; Steel/Interm.Products,Equity
512135,ENSSI,ENSA STEEL INDUSTRIES LTD.,Active,XD,10.00,INE322C01016,Iron &amp; Steel/Interm.Products,Equity
512237,JAICORPLTD,JAI CORP LTD.,Active,B ,1.00,INE070D01027,Iron &amp; Steel/Interm.Products,Equity
512455,LLOYDSME,LLOYDS METALS AND ENERGY LTD.,Active,XD,2.00,INE281B01024,Iron &amp; Steel/Interm.Products,Equity
513005,VBCFERROQ,VBC FERRO ALLOYS LTD.-$,Active,XT,10.00,INE114E01013,Iron &amp; Steel/Interm.Products,Equity
513010,TATASPONGE,TATA SPONGE IRON LTD.,Active,B ,10.00,INE674A01014,Iron &amp; Steel/Interm.Products,Equity
513142,BALASORE,BALASORE ALLOYS LTD.,Active,XC,5.00,INE135A01024,Iron &amp; Steel/Interm.Products,Equity
513179,NATNLSTEEL,NATIONAL STEEL &amp; AGRO INDUSTRIES LTD.,Active,T ,10.00,INE088B01015,Iron &amp; Steel/Interm.Products,Equity
513216,UTTAMSTL,UTTAM GALVA STEELS LTD.,Active,B ,10.00,INE699A01011,Iron &amp; Steel/Interm.Products,Equity
513228,PENIND,PENNAR INDUSTRIES LTD.-$,Active,B ,5.00,INE932A01024,Iron &amp; Steel/Interm.Products,Equity
513265,MUKESTL,MUKESH STEELS LTD.,Active,Z ,10.00,INE953G01019,Iron &amp; Steel/Interm.Products,Equity
513295,RUCHISTR,RUCHI STRIPS &amp; ALLOYS LTD.,Active,XD,10.00,INE611C01012,Iron &amp; Steel/Interm.Products,Equity
513303,MDRNSTL,MODERN STEELS LTD.-$,Active,XD,10.00,INE001F01019,Iron &amp; Steel/Interm.Products,Equity
513333,BHUWALST,BHUWALKA STEEL INDUSTRIES LTD.-$,Active,XT,10.00,INE069C01013,Iron &amp; Steel/Interm.Products,Equity
513361,ISWL,INDIA STEEL WORKS LTD.,Active,XC,1.00,INE072A01029,Iron &amp; Steel/Interm.Products,Equity
513401,ASHIS,ASHIANA ISPAT LTD.,Active,XT,10.00,INE587D01012,Iron &amp; Steel/Interm.Products,Equity
513403,PMTELELIN,P.M.TELELINNKS LTD.,Active,XD,10.00,INE092C01015,Iron &amp; Steel/Interm.Products,Equity
513414,SMPL,SUJANA METAL PRODUCTS LTD.,Active,B ,5.00,INE215G01021,Iron &amp; Steel/Interm.Products,Equity
513422,BLOIN,BLOOM INDUSTRIES LTD.,Active,P ,10.00,INE373E01015,Iron &amp; Steel/Interm.Products,Equity
513434,TATAMETALI,TATA METALIKS LTD.,Active,B ,10.00,INE056C01010,Iron &amp; Steel/Interm.Products,Equity
513436,SHAHALLOYS,SHAH ALLOYS LTD.,Active,B ,10.00,INE640C01011,Iron &amp; Steel/Interm.Products,Equity
513446,MONNETISPA,MONNET ISPAT &amp; ENERGY LTD.,Active,B ,10.00,INE743C01013,Iron &amp; Steel/Interm.Products,Equity
513452,ELANGO,ELANGO INDUSTRIES LTD.,Active,XT,10.00,INE594D01018,Iron &amp; Steel/Interm.Products,Equity
513511,PANCHMAHQ,PANCHMAHAL STEEL LTD.,Active,XD,10.00,INE798F01010,Iron &amp; Steel/Interm.Products,Equity
513513,ADITYA,ADITYA ISPAT LTD.,Active,XD,10.00,INE570B01012,Iron &amp; Steel/Interm.Products,Equity
513534,VARDHINDQ,VARDHMAN INDUSTRIES LTD.-$,Active,XD,10.00,INE458E01014,Iron &amp; Steel/Interm.Products,Equity
513548,SHRDAIS,SHARDA ISPAT LTD.,Active,XT,10.00,INE385M01012,Iron &amp; Steel/Interm.Products,Equity
513558,REALSTR,REAL STRIPS LTD.-$,Active,XD,10.00,INE183B01014,Iron &amp; Steel/Interm.Products,Equity
513566,NOVIS,NOVA IRON &amp; STEEL LTD.,Active,T ,10.00,INE608C01026,Iron &amp; Steel/Interm.Products,Equity
513597,SURANAIND,SURANA INDUSTRIES LTD.,Active,B ,10.00,INE659D01019,Iron &amp; Steel/Interm.Products,Equity
513629,TULSYAN,TULSYAN NEC LTD.-$,Active,XD,10.00,INE463D01016,Iron &amp; Steel/Interm.Products,Equity
513693,KAJARIR,KIC METALIKS LTD.,Active,XC,10.00,INE434C01019,Iron &amp; Steel/Interm.Products,Equity
513721,MFSINTRCRP,MFS INTERCORP LTD.,Active,P ,10.00,INE614F01019,Iron &amp; Steel/Interm.Products,Equity
513727,RANJEEV,RANJEEV ALLOYS LTD.,Active,XT,10.00,INE478F01019,Iron &amp; Steel/Interm.Products,Equity
518075,SURAJ,SURAJ PRODUCTS LTD.,Active,XT,10.00,INE069E01019,Iron &amp; Steel/Interm.Products,Equity
520081,ECSTSTL,EAST COAST STEEL LTD.,Active,P ,10.00,INE315F01013,Iron &amp; Steel/Interm.Products,Equity
522165,INDSILHYD,INDSIL HYDRO POWER AND MANGANESE LTD.-$,Active,XD,10.00,INE867D01018,Iron &amp; Steel/Interm.Products,Equity
522273,AHMDSTE,AHMEDABAD STEELCRAFT LTD.,Active,XT,10.00,INE868C01018,Iron &amp; Steel/Interm.Products,Equity
522285,JAYNECOIND,JAYASWAL NECO INDUSTRIES LTD.,Active,B ,10.00,INE854B01010,Iron &amp; Steel/Interm.Products,Equity
523100,COSMOFE,COSMO FERRITES LTD.-$,Active,XD,10.00,INE124B01018,Iron &amp; Steel/Interm.Products,Equity
523415,COVENTRY,COVENTRY COIL-O-MATIC (HARYANA) LTD.,Active,XT,10.00,INE964D01013,Iron &amp; Steel/Interm.Products,Equity
526093,SATHAISPAT,SATHAVAHANA ISPAT LTD.,Active,B ,10.00,INE176C01016,Iron &amp; Steel/Interm.Products,Equity
526847,ASHSI,ASHIRWAD STEELS &amp; INDUSTRIES LTD.,Active,XT,10.00,INE338C01012,Iron &amp; Steel/Interm.Products,Equity
526967,HEERAISP,HEERA ISPAT LTD.,Active,XD,10.00,INE025D01013,Iron &amp; Steel/Interm.Products,Equity
530095,BHAGWNME,BHAGWANDAS METALS LTD.,Active,XT,10.00,INE656B01019,Iron &amp; Steel/Interm.Products,Equity
530615,GARGFUR,GARG FURNACE LTD.,Active,XT,10.00,INE194E01015,Iron &amp; Steel/Interm.Products,Equity
530945,GISL,GANGOTRI IRON &amp; STEEL COMPANY LTD.,Active,XT,5.00,INE437F01023,Iron &amp; Steel/Interm.Products,Equity
531539,RISHDIGA,RISHABH DIGHA STEEL &amp; ALLIED PRODUCTS LTD.-$,Active,XD,10.00,INE864D01015,Iron &amp; Steel/Interm.Products,Equity
531651,NATGENI,NATIONAL GENERAL INDUSTRIES LTD.,Active,XT,10.00,INE654H01011,Iron &amp; Steel/Interm.Products,Equity
531855,PRABHAVIN,PRABHAV INDUSTRIES LTD.,Active,XD,10.00,INE538J01012,Iron &amp; Steel/Interm.Products,Equity
532001,INDCTST,INDUCTO STEEL LTD.,Active,XD,10.00,INE146H01018,Iron &amp; Steel/Interm.Products,Equity
532078,MONNETIN,MONNET INDUSTRIES LTD.,Active,XD,10.00,INE407E01029,Iron &amp; Steel/Interm.Products,Equity
532286,JINDALSTEL,JINDAL STEEL &amp; POWER LTD.,Active,A ,1.00,INE749A01030,Iron &amp; Steel/Interm.Products,Equity
532362,NAGPI,NAGPUR POWER &amp; INDUSTRIES LTD.,Active,XD,10.00,INE099E01016,Iron &amp; Steel/Interm.Products,Equity
532479,ISMTLTD,ISMT LTD.,Active,B ,5.00,INE732F01019,Iron &amp; Steel/Interm.Products,Equity
532508,JSL,JINDAL STAINLESS LTD.,Active,B ,2.00,INE220G01021,Iron &amp; Steel/Interm.Products,Equity
532604,SALSTEEL,S.A.L.STEEL LTD.,Active,B ,10.00,INE658G01014,Iron &amp; Steel/Interm.Products,Equity
532614,IMPEXFERRO,IMPEX FERRO TECH LTD.,Active,B ,10.00,INE691G01015,Iron &amp; Steel/Interm.Products,Equity
532656,FACORALL,FACOR ALLOYS LTD.,Active,XD,1.00,INE828G01013,Iron &amp; Steel/Interm.Products,Equity
532657,FACORSTE,FACOR STEELS LTD.,Active,T ,1.00,INE829G01011,Iron &amp; Steel/Interm.Products,Equity
532690,RAMSARUP,RAMSARUP INDUSTRIES LTD.,Active,T ,10.00,INE005D01015,Iron &amp; Steel/Interm.Products,Equity
532721,VISASTEEL,VISA STEEL LTD.,Active,B ,10.00,INE286H01012,Iron &amp; Steel/Interm.Products,Equity
532726,GALLANTT,GALLANTT METAL LTD.,Active,B ,10.00,INE297H01019,Iron &amp; Steel/Interm.Products,Equity
532727,ADHUNIK,ADHUNIK METALIKS LTD.,Active,B ,10.00,INE400H01019,Iron &amp; Steel/Interm.Products,Equity
532731,ROHITFERRO,ROHIT FERRO-TECH LTD.,Active,B ,10.00,INE248H01012,Iron &amp; Steel/Interm.Products,Equity
532734,GPIL,GODAWARI POWER &amp; ISPAT LTD.,Active,B ,10.00,INE177H01013,Iron &amp; Steel/Interm.Products,Equity
532741,KAMDHENU,Kamdhenu Ltd,Active,B ,10.00,INE390H01012,Iron &amp; Steel/Interm.Products,Equity
532870,ANKITMETAL,ANKIT METAL &amp; POWER LTD.,Active,B ,10.00,INE106I01010,Iron &amp; Steel/Interm.Products,Equity
532976,JAIBALAJI,JAI BALAJI INDUSTRIES LTD.,Active,B ,10.00,INE091G01018,Iron &amp; Steel/Interm.Products,Equity
532990,METKORE,METKORE ALLOYS &amp; INDUSTRIES LTD.,Active,T ,2.00,INE592I01029,Iron &amp; Steel/Interm.Products,Equity
533008,OISL,OCL IRON AND STEEL LTD.,Active,B ,1.00,INE196J01019,Iron &amp; Steel/Interm.Products,Equity
533047,IMFA,INDIAN METALS &amp; FERRO ALLOYS LTD.,Active,B ,10.00,INE919H01018,Iron &amp; Steel/Interm.Products,Equity
533265,GALLISPAT,GALLANTT ISPAT LTD.,Active,B ,10.00,INE528K01011,Iron &amp; Steel/Interm.Products,Equity
533275,GAL,GYSCOAL ALLOYS LTD.,Active,B ,10.00,INE482J01013,Iron &amp; Steel/Interm.Products,Equity
533576,VASWANI,VASWANI INDUSTRIES LTD.,Active,B ,10.00,INE590L01019,Iron &amp; Steel/Interm.Products,Equity
534733,ICVLSTEELS,ICVL STEELS LTD.,Active,XT,1.00,INE175N01023,Iron &amp; Steel/Interm.Products,Equity
534748,STEELXIND,STEEL EXCHANGE INDIA LTD.,Active,XC,10.00,INE503B01013,Iron &amp; Steel/Interm.Products,Equity
538365,ADHUNIKIND,Adhunik Industries Ltd,Active,XC,10.00,INE452L01012,Iron &amp; Steel/Interm.Products,Equity
538812,AANCHALISP,Aanchal Ispat Ltd,Active,M ,10.00,INE322R01014,Iron &amp; Steel/Interm.Products,Equity
539011,CHENFERRO,Chennai Ferrous Industries Ltd,Active,XT,10.00,INE777O01016,Iron &amp; Steel/Interm.Products,Equity
539018,BEEKAY,Beekay Steel Industries Ltd,Active,XD,10.00,INE213D01015,Iron &amp; Steel/Interm.Products,Equity
539044,MANAKSTELTD,Manaksia Steels Ltd,Active,B ,1.00,INE824Q01011,Iron &amp; Steel/Interm.Products,Equity
539046,MNKCMILTD,Manaksia Coated Metals &amp; Industries Ltd,Active,B ,1.00,INE830Q01018,Iron &amp; Steel/Interm.Products,Equity
539455,DASL,Deepti Alloy Steel Ltd,Active,XT,10.00,INE360S01012,Iron &amp; Steel/Interm.Products,Equity
590018,HISARMET,HISAR METAL INDUSTRIES LTD.-$,Active,XD,10.00,INE598C01011,Iron &amp; Steel/Interm.Products,Equity
590078,MAITHANALL,MAITHAN ALLOYS LTD.,Active,B ,10.00,INE683C01011,Iron &amp; Steel/Interm.Products,Equity
