Security Code,Security Id,Security Name,Status,Group,Face Value,ISIN No,Industry,Instrument
500151,GOLDENTOBC,GOLDEN TOBACCO LTD.,Active,B ,10.00,INE973A01010,Cigarettes-Tobacco Products,Equity
500163,GODFRYPHLP,GODFREY PHILLIPS INDIA LTD.,Active,B ,2.00,INE260B01028,Cigarettes-Tobacco Products,Equity
500875,ITC,ITC LTD.,Active,A ,1.00,INE154A01025,Cigarettes-Tobacco Products,Equity
509887,SINNAR,SINNAR BIDI UDYOG LTD.,Active,P ,10.00,INE896E01015,Cigarettes-Tobacco Products,Equity
509966,VSTIND,VST INDUSTRIES LTD.,Active,B ,10.00,INE710A01016,Cigarettes-Tobacco Products,Equity
526723,NTCIND,NTC INDUSTRIES LTD.,Active,XD,10.00,INE920C01017,Cigarettes-Tobacco Products,Equity
526813,RAGHUNAT,RAGHUNATH INTERNATIONAL LTD.,Active,XT,10.00,INE753B01014,Cigarettes-Tobacco Products,Equity
