Security Code,Security Id,Security Name,Status,Group,Face Value,ISIN No,Industry,Instrument
505196,TIL,TIL LTD.,Active,B ,10.00,INE806C01018,Transport Related Services,Equity
523116,SANCTRN,SANCO TRANS LTD.,Active,XD,10.00,INE391G01012,Transport Related Services,Equity
530073,SANGHVIMOV,SANGHVI MOVERS LTD.,Active,B ,2.00,INE989A01024,Transport Related Services,Equity
531344,CONCOR,CONTAINER CORPORATION OF INDIA LTD.,Active,A ,10.00,INE111A01017,Transport Related Services,Equity
532686,KERNEX,KERNEX MICROSYSTEMS (INDIA) LTD.,Active,T ,10.00,INE202H01019,Transport Related Services,Equity
532762,ACE,ACTION CONSTRUCTION EQUIPMENT LTD.,Active,B ,2.00,INE731H01025,Transport Related Services,Equity
539332,NAVKARCORP,Navkar Corporation Ltd,Active,B ,10.00,INE278M01019,Transport Related Services,Equity
