Security Code,Security Id,Security Name,Status,Group,Face Value,ISIN No,Industry,Instrument
532155,GAIL,GAIL (INDIA) LTD.,Active,A ,10.00,INE129A01019,Utilities:Non-Elec.,Equity
532514,IGL,INDRAPRASTHA GAS LTD.,Active,A ,10.00,INE203G01019,Utilities:Non-Elec.,Equity
532702,GSPL,GUJARAT STATE PETRONET LTD.,Active,A ,10.00,INE246F01010,Utilities:Non-Elec.,Equity
533269,WABAG,VA TECH WABAG LTD.,Active,A ,2.00,INE956G01038,Utilities:Non-Elec.,Equity
533292,A2ZINFRA,A2Z Infra Engineering Limited,Active,B ,10.00,INE619I01012,Utilities:Non-Elec.,Equity
539098,FILTRA,Filtra Consultants and Engineers Ltd,Active,M ,10.00,INE541R01019,Utilities:Non-Elec.,Equity
539225,JIYAECO,Jiya Eco-Products Ltd,Active,M ,10.00,INE023S01016,Utilities:Non-Elec.,Equity
